Serial Number,Year,Title,Baseline Primary Class,Baseline Secondary Class,Baseline Tertiary Class,Baseline Top1_score,Baseline Top2_score,Baseline margin_12,BART Primary Class,BART Primary Desc,BART Secondary Class,BART Secondary Desc,BART Tertiary Class,BART Tertiary Desc,BART Reasoning,BART Top1_score,BART Top2_score,BART margin_12,Primary agrees
2717,2005,Magnetoviscosity of semidilute ferrofluids and the role of dipolar interactions: Comparison of molecular simulations and dynamical mean-field theory,16,14,51,0.06537212431430817,0.06535492092370987,1.720339059829712e-05,16,Handling of,14,Evaluation / Characterization,51,chapter,"Abstract-only zero-shot classification. Top-3 labels by score: 16 Material - Handling of (0.065), 14 Material - Evaluation / Characterization (0.065), 51 Book / Book - chapter (0.063)",0.06537212431430817,0.06535492092370987,1.720339059829712e-05,True
1608,2014,Thermodiffusion in concentrated ferrofluids: Experimental and numerical results on magnetic thermodiffusion,15,50,16,0.053320903331041336,0.0532953180372715,2.5585293769836426e-05,15,"Manipulation, Droplets, other",50,Review - Survey,16,Handling of,"Abstract-only zero-shot classification. Top-3 labels by score: 15 Material - Manipulation, Droplets, other (0.053), 50 Review - Survey (0.053), 16 Material - Handling of (0.052)",0.053320903331041336,0.0532953180372715,2.5585293769836426e-05,True
2414,2007,Effects of nanoparticles on the adhesion and cell viability on astrocytes,37,41,14,0.06797759979963303,0.06791098415851593,6.661564111709595e-05,37,Other than evaluation indicated in class 14 above,41,Medical (Pharmaceutical),14,Evaluation / Characterization,"Abstract-only zero-shot classification. Top-3 labels by score: 37 Experimentation - Other than evaluation indicated in class 14 above (0.068), 41 Application - Medical (Pharmaceutical) (0.068), 14 Material - Evaluation / Characterization (0.057)",0.06797759979963303,0.06791098415851593,6.661564111709595e-05,True
2776,2005,Novel ferrimagnetic iron oxide nanopowders,13,50,16,0.061450373381376266,0.06129870191216469,0.00015167146921157837,13,Properties,50,Review - Survey,16,Handling of,"Abstract-only zero-shot classification. Top-3 labels by score: 13 Material - Properties (0.061), 50 Review - Survey (0.061), 16 Material - Handling of (0.057)",0.061450373381376266,0.06129870191216469,0.00015167146921157837,True
3702,1986,Magnetic colloidal properties of ionic ferrofluids,16,14,13,0.07194425910711288,0.07173307985067368,0.00021117925643920898,16,Handling of,14,Evaluation / Characterization,13,Properties,"Abstract-only zero-shot classification. Top-3 labels by score: 16 Material - Handling of (0.072), 14 Material - Evaluation / Characterization (0.072), 13 Material - Properties (0.064)",0.07194425910711288,0.07173307985067368,0.00021117925643920898,True
930,2019,The roller chain lubricated with ferrofluids,16,50,13,0.06058716028928757,0.060353051871061325,0.00023410841822624207,16,Handling of,50,Review - Survey,13,Properties,"Abstract-only zero-shot classification. Top-3 labels by score: 16 Material - Handling of (0.061), 50 Review - Survey (0.060), 13 Material - Properties (0.047)",0.06058716028928757,0.060353051871061325,0.00023410841822624207,True
2067,2011,Towards ferrofluids with enhanced magnetization,50,28,51,0.06324825435876846,0.06292637437582016,0.0003218799829483032,50,Review - Survey,28,Stability and other,51,chapter,"Abstract-only zero-shot classification. Top-3 labels by score: 50 Review - Survey (0.063), 28 Computation - Stability and other (0.063), 51 Book / Book - chapter (0.058)",0.06324825435876846,0.06292637437582016,0.0003218799829483032,True
1711,2013,Spin-up of ferrofluids: The impact of the spin viscosity and the Langevin function,16,50,51,0.062000907957553864,0.06165555492043495,0.00034535303711891174,16,Handling of,50,Review - Survey,51,chapter,"Abstract-only zero-shot classification. Top-3 labels by score: 16 Material - Handling of (0.062), 50 Review - Survey (0.062), 51 Book / Book - chapter (0.057)",0.062000907957553864,0.06165555492043495,0.00034535303711891174,True
797,2020,"Jumping sundogs, cat’s eye and ferrofluids",24,49,40,0.036287855356931686,0.03590698167681694,0.0003808736801147461,50,Review - Survey,16,Handling of,51,chapter,"Abstract-only zero-shot classification. Top-3 labels by score: 50 Review - Survey (0.088), 16 Material - Handling of (0.086), 51 Book / Book - chapter (0.072)",0.0875505805015564,0.08553555607795715,0.002015024423599243,False
1483,2016,Investigation of water-based and oil-based ferrofluids with a new magnetorheological cell: effect of the microstructure,24,15,47,0.03871668875217438,0.0383325032889843,0.00038418546319007874,51,chapter,16,Handling of,50,Review - Survey,"Abstract-only zero-shot classification. Top-3 labels by score: 51 Book / Book - chapter (0.065), 16 Material - Handling of (0.064), 50 Review - Survey (0.059)",0.06491786241531372,0.06399805843830109,0.0009198039770126343,False
2558,2006,Fabrication of polymeric 3-D micro-structures using ferrofluid molds,49,24,40,0.036255259066820145,0.03586983680725098,0.0003854222595691681,50,Review - Survey,16,Handling of,51,chapter,"Abstract-only zero-shot classification. Top-3 labels by score: 50 Review - Survey (0.064), 16 Material - Handling of (0.057), 51 Book / Book - chapter (0.054)",0.06389392912387848,0.0567953884601593,0.007098540663719177,False
3978,1970,Some Applications of Ferrofluid Magnetic Colloids,37,49,40,0.047272440046072006,0.04688428342342377,0.00038815662264823914,38,Using principles of magnetic induction,50,Review - Survey,51,chapter,"Abstract-only zero-shot classification. Top-3 labels by score: 38 Application - Using principles of magnetic induction (0.067), 50 Review - Survey (0.064), 51 Book / Book - chapter (0.056)",0.0667681097984314,0.06426363438367844,0.00250447541475296,False
1041,2018,Functional Group and Magnetic Properties of Fe3O4 Ferrofluids: The Impact of Dispersion Agent Composition,49,37,27,0.042601436376571655,0.042212191969156265,0.00038924440741539,14,Evaluation / Characterization,51,chapter,50,Review - Survey,"Abstract-only zero-shot classification. Top-3 labels by score: 14 Material - Evaluation / Characterization (0.083), 51 Book / Book - chapter (0.061), 50 Review - Survey (0.059)",0.0830346867442131,0.060751110315322876,0.02228357642889023,False
2881,2004,Initial magnetic susceptibility of ferrocolloids: The influence of chain aggregates,28,11,44,0.0494389571249485,0.04904918372631073,0.0003897733986377716,50,Review - Survey,14,Evaluation / Characterization,38,Using principles of magnetic induction,"Abstract-only zero-shot classification. Top-3 labels by score: 50 Review - Survey (0.071), 14 Material - Evaluation / Characterization (0.069), 38 Application - Using principles of magnetic induction (0.060)",0.07106538861989975,0.0694902166724205,0.001575171947479248,False
1125,2018,Thermal instability of hot ferrofluid layer with temperature-dependent viscosity,49,40,41,0.0353858545422554,0.034995757043361664,0.0003900974988937378,14,Evaluation / Characterization,16,Handling of,50,Review - Survey,"Abstract-only zero-shot classification. Top-3 labels by score: 14 Material - Evaluation / Characterization (0.072), 16 Material - Handling of (0.071), 50 Review - Survey (0.059)",0.07248210161924362,0.07106316089630127,0.0014189407229423523,False
2897,2004,Particle size investigations of a multistep synthesis of PVA coated superparamagnetic nanoparticles,51,28,23,0.038323674350976944,0.03793305903673172,0.000390615314245224,14,Evaluation / Characterization,16,Handling of,51,chapter,"Abstract-only zero-shot classification. Top-3 labels by score: 14 Material - Evaluation / Characterization (0.094), 16 Material - Handling of (0.090), 51 Book / Book - chapter (0.059)",0.09405343979597092,0.08965899050235748,0.004394449293613434,False
3852,1980,Polymer-Anchored Metal Oxide Particles. 1. Superparamagnetic Magnetite Microcrystals Stabilized by Lignosulfonate,48,15,29,0.03900422155857086,0.038613349199295044,0.00039087235927581787,14,Evaluation / Characterization,50,Review - Survey,13,Properties,"Abstract-only zero-shot classification. Top-3 labels by score: 14 Material - Evaluation / Characterization (0.073), 50 Review - Survey (0.070), 13 Material - Properties (0.056)",0.07273109257221222,0.0703667625784874,0.002364329993724823,False
3618,1991,Orienting rigid and flexible biological assemblies in ferrofluids for small-angle neutron scattering studies,49,28,23,0.04503873735666275,0.04464665427803993,0.000392083078622818,16,Handling of,51,chapter,14,Evaluation / Characterization,"Abstract-only zero-shot classification. Top-3 labels by score: 16 Material - Handling of (0.097), 51 Book / Book - chapter (0.072), 14 Material - Evaluation / Characterization (0.069)",0.0968615785241127,0.0719073936343193,0.024954184889793396,False
626,2020,Effect of asymmetrical heat rise/fall on the film flow of magnetohydrodynamic hybrid ferrofluid,26,21,22,0.04238010197877884,0.04198511317372322,0.0003949888050556183,46,Heat transfer,50,Review - Survey,45,Flow,"Abstract-only zero-shot classification. Top-3 labels by score: 46 Application - Heat transfer (0.084), 50 Review - Survey (0.063), 45 Application - Flow (0.062)",0.08354001492261887,0.06252295523881912,0.021017059683799744,False
110,2024,Removal of polymethyl methacrylate nanoplastics and silver nanoparticles by a novel ferrofluid-COF-aminated natural cotton-based hydrogel nanosorbent,23,29,22,0.03556413576006889,0.03516089916229248,0.00040323659777641296,14,Evaluation / Characterization,13,Properties,49,"Digital Micro Fluids, Damping, Physics, Environmental, Engineering, Instruments to evaluate FF","Abstract-only zero-shot classification. Top-3 labels by score: 14 Material - Evaluation / Characterization (0.081), 13 Material - Properties (0.069), 49 Application - Digital Micro Fluids, Damping, Physics, Environmental, Engineering, Instruments to evaluate FF (0.066)",0.08083684742450714,0.06862044334411621,0.01221640408039093,False
1127,2018,Rheological and thermal transport characteristics of a transformer oil based ferrofluid,37,41,39,0.04085390642285347,0.040450289845466614,0.0004036165773868561,14,Evaluation / Characterization,45,Flow,46,Heat transfer,"Abstract-only zero-shot classification. Top-3 labels by score: 14 Material - Evaluation / Characterization (0.066), 45 Application - Flow (0.062), 46 Application - Heat transfer (0.061)",0.0657954290509224,0.06160753220319748,0.0041878968477249146,False
945,2019,A Preliminary Study on the Thermo-optics Characteristics of Chromium Ferrite Ferrofluids,28,15,24,0.04168330505490303,0.041277315467596054,0.0004059895873069763,14,Evaluation / Characterization,50,Review - Survey,13,Properties,"Abstract-only zero-shot classification. Top-3 labels by score: 14 Material - Evaluation / Characterization (0.071), 50 Review - Survey (0.067), 13 Material - Properties (0.065)",0.07079294323921204,0.06692292541265488,0.0038700178265571594,False
3452,1997,The design of a ferrofluid magnetic pipette,47,24,11,0.03483729809522629,0.03442833572626114,0.0004089623689651489,25,Flow,50,Review - Survey,15,"Manipulation, Droplets, other","Abstract-only zero-shot classification. Top-3 labels by score: 25 Computation - Flow (0.066), 50 Review - Survey (0.066), 15 Material - Manipulation, Droplets, other (0.063)",0.06591223180294037,0.06569541245698929,0.00021681934595108032,False
1817,2012,Drop impact on superhydrophobic surfaces-varying gravitational effects,24,49,47,0.042856745421886444,0.04244499281048775,0.0004117526113986969,15,"Manipulation, Droplets, other",14,Evaluation / Characterization,51,chapter,"Abstract-only zero-shot classification. Top-3 labels by score: 15 Material - Manipulation, Droplets, other (0.068), 14 Material - Evaluation / Characterization (0.064), 51 Book / Book - chapter (0.057)",0.06772733479738235,0.06376323103904724,0.0039641037583351135,False
1886,2013,Photon irradiation and modification of chitosan-coated ferrofluid,49,42,51,0.04382266476750374,0.04340699315071106,0.00041567161679267883,51,chapter,50,Review - Survey,16,Handling of,"Abstract-only zero-shot classification. Top-3 labels by score: 51 Book / Book - chapter (0.063), 50 Review - Survey (0.058), 16 Material - Handling of (0.057)",0.06335239857435226,0.05780628323554993,0.005546115338802338,False
1484,2015,Tightness testing of rotary ferromagnetic fluid seal working in water environment,24,29,26,0.03583688288927078,0.03542020171880722,0.000416681170463562,16,Handling of,14,Evaluation / Characterization,37,Other than evaluation indicated in class 14 above,"Abstract-only zero-shot classification. Top-3 labels by score: 16 Material - Handling of (0.106), 14 Material - Evaluation / Characterization (0.089), 37 Experimentation - Other than evaluation indicated in class 14 above (0.086)",0.10610838234424591,0.08931407332420349,0.01679430902004242,False
98,2025,Bioinspired cooperation in a heterogeneous robot swarm using ferrofluid artificial pheromones for uncontrolled environments,26,39,22,0.03970085829496384,0.03928369656205177,0.0004171617329120636,14,Evaluation / Characterization,16,Handling of,38,Using principles of magnetic induction,"Abstract-only zero-shot classification. Top-3 labels by score: 14 Material - Evaluation / Characterization (0.109), 16 Material - Handling of (0.081), 38 Application - Using principles of magnetic induction (0.067)",0.1085718497633934,0.08126494288444519,0.02730690687894821,False
271,2023,Updated formulation of magnetic body force in ferrofluids,49,37,28,0.03574131056666374,0.03532272204756737,0.0004185885190963745,16,Handling of,50,Review - Survey,51,chapter,"Abstract-only zero-shot classification. Top-3 labels by score: 16 Material - Handling of (0.068), 50 Review - Survey (0.063), 51 Book / Book - chapter (0.056)",0.06802669167518616,0.06329350173473358,0.004733189940452576,False
3491,1996,New electric current sensor by thermal lens coupled magneto-optical effect in ferrofluid,37,49,22,0.040010157972574234,0.03959151357412338,0.00041864439845085144,50,Review - Survey,37,Other than evaluation indicated in class 14 above,16,Handling of,"Abstract-only zero-shot classification. Top-3 labels by score: 50 Review - Survey (0.072), 37 Experimentation - Other than evaluation indicated in class 14 above (0.067), 16 Material - Handling of (0.064)",0.07156597822904587,0.06745877861976624,0.004107199609279633,False
629,2021,Magnetic field effect on double-diffusion with magnetic and non-magnetic nanofluids,12,45,37,0.042523980140686035,0.04210304468870163,0.0004209354519844055,46,Heat transfer,14,Evaluation / Characterization,26,Heat,"Abstract-only zero-shot classification. Top-3 labels by score: 46 Application - Heat transfer (0.064), 14 Material - Evaluation / Characterization (0.063), 26 Computation - Heat (0.056)",0.0636015236377716,0.06262234598398209,0.0009791776537895203,False
3348,1999,Nanoparticle production by plasma,49,24,11,0.039792001247406006,0.03936922922730446,0.00042277202010154724,11,Chemistry,50,Review - Survey,12,Formulation,"Abstract-only zero-shot classification. Top-3 labels by score: 11 Material - Chemistry (0.075), 50 Review - Survey (0.069), 12 Material - Formulation (0.066)",0.07485191524028778,0.0694534108042717,0.005398504436016083,False
600,2021,Influence of size polydispersity on magnetic field tunable structures in magnetic nanofluids containing superparamagnetic nanoparticles,48,29,51,0.050871964544057846,0.050447944551706314,0.000424019992351532,11,Chemistry,51,chapter,50,Review - Survey,"Abstract-only zero-shot classification. Top-3 labels by score: 11 Material - Chemistry (0.079), 51 Book / Book - chapter (0.061), 50 Review - Survey (0.055)",0.079200878739357,0.06088890880346298,0.018311969935894012,False
1149,2018,The Effect of External Magnetic Field on Dielectric Permeability of Multiphase Ferrofluids,37,24,25,0.03538529947400093,0.034959577023983,0.0004257224500179291,50,Review - Survey,14,Evaluation / Characterization,16,Handling of,"Abstract-only zero-shot classification. Top-3 labels by score: 50 Review - Survey (0.069), 14 Material - Evaluation / Characterization (0.055), 16 Material - Handling of (0.055)",0.06905560195446014,0.055496808141469955,0.013558793812990189,False
3301,1999,Application of magnetite ferrofluids for hyperthermia,24,22,11,0.04283061996102333,0.04240401089191437,0.000426609069108963,16,Handling of,14,Evaluation / Characterization,50,Review - Survey,"Abstract-only zero-shot classification. Top-3 labels by score: 16 Material - Handling of (0.083), 14 Material - Evaluation / Characterization (0.074), 50 Review - Survey (0.057)",0.08290433138608932,0.07417178899049759,0.008732542395591736,False
2271,2009,Particle size distribution models of small angle neutron scattering pattern on ferrofluids,24,39,40,0.03704213723540306,0.03661483898758888,0.00042729824781417847,14,Evaluation / Characterization,50,Review - Survey,28,Stability and other,"Abstract-only zero-shot classification. Top-3 labels by score: 14 Material - Evaluation / Characterization (0.072), 50 Review - Survey (0.072), 28 Computation - Stability and other (0.054)",0.07216280698776245,0.0720072016119957,0.00015560537576675415,False
3883,1984,Experimental investigation of Néel relaxation effects on magnetostatic properties of a ferrofluid,16,26,27,0.045567505061626434,0.04513607546687126,0.00043142959475517273,14,Evaluation / Characterization,50,Review - Survey,38,Using principles of magnetic induction,"Abstract-only zero-shot classification. Top-3 labels by score: 14 Material - Evaluation / Characterization (0.080), 50 Review - Survey (0.060), 38 Application - Using principles of magnetic induction (0.060)",0.07953723520040512,0.06040523946285248,0.019131995737552643,False
1614,2014,"PDMS-based, magnetically actuated variable optical attenuators obtained by soft lithography and inkjet printing technologies",24,40,49,0.039203863590955734,0.038770321756601334,0.00043354183435440063,14,Evaluation / Characterization,15,"Manipulation, Droplets, other",12,Formulation,"Abstract-only zero-shot classification. Top-3 labels by score: 14 Material - Evaluation / Characterization (0.072), 15 Material - Manipulation, Droplets, other (0.069), 12 Material - Formulation (0.067)",0.07237730175256729,0.0689757838845253,0.003401517868041992,False
3081,2003,Magnetic drug targeting - Biodistribution of the magnetic carrier and the chemotherapeutic agent mitoxantrone after locoregional cancer treatment,37,49,39,0.03781026974320412,0.03737578168511391,0.00043448805809020996,38,Using principles of magnetic induction,42,Biomedical,49,"Digital Micro Fluids, Damping, Physics, Environmental, Engineering, Instruments to evaluate FF","Abstract-only zero-shot classification. Top-3 labels by score: 38 Application - Using principles of magnetic induction (0.081), 42 Application - Biomedical (0.074), 49 Application - Digital Micro Fluids, Damping, Physics, Environmental, Engineering, Instruments to evaluate FF (0.072)",0.08149279654026031,0.07392604649066925,0.0075667500495910645,False
545,2021,Convection Heat transfer Fe3 O4/Water in a Square microchannel Under Uniform Heat Flux and Magnetic Field,49,24,47,0.09265179187059402,0.09221675246953964,0.0004350394010543823,46,Heat transfer,50,Review - Survey,45,Flow,"Abstract-only zero-shot classification. Top-3 labels by score: 46 Application - Heat transfer (0.086), 50 Review - Survey (0.055), 45 Application - Flow (0.055)",0.08600221574306488,0.05543113499879837,0.03057108074426651,False
1075,2018,Preparation and Property Research of Perfluoropolyether Oil-Based Ferrofluid,49,24,47,0.04908303543925285,0.04864775389432907,0.00043528154492378235,50,Review - Survey,51,chapter,37,Other than evaluation indicated in class 14 above,"Abstract-only zero-shot classification. Top-3 labels by score: 50 Review - Survey (0.061), 51 Book / Book - chapter (0.058), 37 Experimentation - Other than evaluation indicated in class 14 above (0.055)",0.060799527913331985,0.05783999338746071,0.002959534525871277,False
2780,2005,Magnetism of interacting two-dimensional nanostructures,26,23,12,0.03461376205086708,0.03417780622839928,0.00043595582246780396,24,"ODE, Boundary value, Two-phase, Lifting force, Magneto-optical, Dipole, Strain Energy, Susceptibility etc.",16,Handling of,38,Using principles of magnetic induction,"Abstract-only zero-shot classification. Top-3 labels by score: 24 Modelling - ODE, Boundary value, Two-phase, Lifting force, Magneto-optical, Dipole, Strain Energy, Susceptibility etc. (0.068), 16 Material - Handling of (0.051), 38 Application - Using principles of magnetic induction (0.047)",0.06776980310678482,0.05125689506530762,0.016512908041477203,False
2175,2010,Ac-susceptibility study in rare earth substituted magnetite ferrofluids,49,16,11,0.06632019579410553,0.06588203459978104,0.0004381611943244934,14,Evaluation / Characterization,16,Handling of,13,Properties,"Abstract-only zero-shot classification. Top-3 labels by score: 14 Material - Evaluation / Characterization (0.089), 16 Material - Handling of (0.076), 13 Material - Properties (0.064)",0.08881508558988571,0.07634204626083374,0.012473039329051971,False
176,2024,The Rosensweig instability at the interface between ferrofluids and immiscible fluids,23,29,16,0.04209066554903984,0.041651301085948944,0.0004393644630908966,50,Review - Survey,14,Evaluation / Characterization,51,chapter,"Abstract-only zero-shot classification. Top-3 labels by score: 50 Review - Survey (0.059), 14 Material - Evaluation / Characterization (0.058), 51 Book / Book - chapter (0.058)",0.05912444368004799,0.058274608105421066,0.0008498355746269226,False
349,2023,Synthesis and Applications of Magnetic Nanoparticles: A Review,49,24,37,0.036110129207372665,0.035670384764671326,0.0004397444427013397,41,Medical (Pharmaceutical),42,Biomedical,16,Handling of,"Abstract-only zero-shot classification. Top-3 labels by score: 41 Application - Medical (Pharmaceutical) (0.081), 42 Application - Biomedical (0.070), 16 Material - Handling of (0.056)",0.08092699199914932,0.07037442922592163,0.010552562773227692,False
497,2022,Distribution functions of magnetic moments and relaxation times for magnetic fluids exhibiting controllable microstructure evolution,24,44,28,0.0359199158847332,0.035478148609399796,0.00044176727533340454,14,Evaluation / Characterization,16,Handling of,13,Properties,"Abstract-only zero-shot classification. Top-3 labels by score: 14 Material - Evaluation / Characterization (0.081), 16 Material - Handling of (0.069), 13 Material - Properties (0.068)",0.08127416670322418,0.06920754164457321,0.01206662505865097,False
559,2022,"Magnetic Fluids in Biosciences, Biotechnology and Environmental Technology",51,24,37,0.03599059209227562,0.035548679530620575,0.00044191256165504456,51,chapter,50,Review - Survey,16,Handling of,"Abstract-only zero-shot classification. Top-3 labels by score: 51 Book / Book - chapter (0.131), 50 Review - Survey (0.085), 16 Material - Handling of (0.077)",0.13067445158958435,0.08517824113368988,0.04549621045589447,True
855,2019,Real time observation of a stationary magneton,26,39,42,0.03797097131609917,0.037522487342357635,0.00044848397374153137,14,Evaluation / Characterization,50,Review - Survey,13,Properties,"Abstract-only zero-shot classification. Top-3 labels by score: 14 Material - Evaluation / Characterization (0.097), 50 Review - Survey (0.071), 13 Material - Properties (0.061)",0.09712602198123932,0.0711674764752388,0.02595854550600052,False
3156,2002,Measurement of the high-frequency complex permittivity and conductivity of magnetic fluids,24,22,49,0.05037549510598183,0.04992631822824478,0.0004491768777370453,14,Evaluation / Characterization,16,Handling of,50,Review - Survey,"Abstract-only zero-shot classification. Top-3 labels by score: 14 Material - Evaluation / Characterization (0.088), 16 Material - Handling of (0.068), 50 Review - Survey (0.068)",0.08751553297042847,0.06838266551494598,0.019132867455482483,False
1064,2018,Characterization of aggregate state of polydisperse ferrofluids: Some aspects of anisotropy analysis of 2D SAXS in magnetic field,12,13,11,0.036721013486385345,0.03626418858766556,0.0004568248987197876,14,Evaluation / Characterization,16,Handling of,13,Properties,"Abstract-only zero-shot classification. Top-3 labels by score: 14 Material - Evaluation / Characterization (0.102), 16 Material - Handling of (0.062), 13 Material - Properties (0.059)",0.10190857946872711,0.061603251844644547,0.040305327624082565,False
1295,2017,Design and fabrication of a simple and inexpensive measurement probe for the evaluation of thermal conductivity of nanofluids,24,49,40,0.05305619165301323,0.05259903520345688,0.0004571564495563507,16,Handling of,51,chapter,50,Review - Survey,"Abstract-only zero-shot classification. Top-3 labels by score: 16 Material - Handling of (0.078), 51 Book / Book - chapter (0.066), 50 Review - Survey (0.063)",0.07816267758607864,0.06616637855768204,0.011996299028396606,False
3371,1999,"Ferrofluid flows in AC and traveling wave magnetic fields with effective positive, zero or negative dynamic viscosity",27,37,21,0.041491590440273285,0.04102706164121628,0.00046452879905700684,16,Handling of,14,Evaluation / Characterization,50,Review - Survey,"Abstract-only zero-shot classification. Top-3 labels by score: 16 Material - Handling of (0.076), 14 Material - Evaluation / Characterization (0.074), 50 Review - Survey (0.063)",0.07600463926792145,0.07448349893093109,0.0015211403369903564,False
1297,2017,Study of dielectric breakdown performance of transformer oil based magnetic nanofluids,44,38,11,0.039165474474430084,0.03870019689202309,0.0004652775824069977,50,Review - Survey,14,Evaluation / Characterization,46,Heat transfer,"Abstract-only zero-shot classification. Top-3 labels by score: 50 Review - Survey (0.060), 14 Material - Evaluation / Characterization (0.057), 46 Application - Heat transfer (0.054)",0.05999777093529701,0.05743231251835823,0.0025654584169387817,False
1118,2017,Synthesis and Characterization of Magnetic Colloids,49,24,12,0.04711475968360901,0.04664495959877968,0.00046980008482933044,14,Evaluation / Characterization,50,Review - Survey,51,chapter,"Abstract-only zero-shot classification. Top-3 labels by score: 14 Material - Evaluation / Characterization (0.090), 50 Review - Survey (0.061), 51 Book / Book - chapter (0.054)",0.09034930914640427,0.061396174132823944,0.028953135013580322,False
1213,2017,Label-free ferrohydrodynamic cell separation of circulating tumor cells,49,48,47,0.03809463977813721,0.03762121871113777,0.0004734210669994354,11,Chemistry,45,Flow,14,Evaluation / Characterization,"Abstract-only zero-shot classification. Top-3 labels by score: 11 Material - Chemistry (0.086), 45 Application - Flow (0.066), 14 Material - Evaluation / Characterization (0.065)",0.08618014305830002,0.06571231782436371,0.02046782523393631,False
3771,1989,Magnetic materials in the third millenium,49,51,37,0.04078881815075874,0.040314823389053345,0.00047399476170539856,50,Review - Survey,51,chapter,16,Handling of,"Abstract-only zero-shot classification. Top-3 labels by score: 50 Review - Survey (0.163), 51 Book / Book - chapter (0.072), 16 Material - Handling of (0.072)",0.16310837864875793,0.07230044901371002,0.09080792963504791,False
1219,2017,Influence of particle shape on the magnetic and steady shear magnetorheological properties of nanoparticle based MR fluids,49,24,51,0.037083301693201065,0.03660517930984497,0.00047812238335609436,14,Evaluation / Characterization,50,Review - Survey,51,chapter,"Abstract-only zero-shot classification. Top-3 labels by score: 14 Material - Evaluation / Characterization (0.070), 50 Review - Survey (0.065), 51 Book / Book - chapter (0.057)",0.06966432929039001,0.06530846655368805,0.004355862736701965,False
1519,2015,"Linear stability analysis for ferromagnetic fluids in the presence of magnetic field, compressibility, internal heat source and rotation through a porous medium",24,49,44,0.04339776188135147,0.04291575402021408,0.00048200786113739014,14,Evaluation / Characterization,50,Review - Survey,16,Handling of,"Abstract-only zero-shot classification. Top-3 labels by score: 14 Material - Evaluation / Characterization (0.074), 50 Review - Survey (0.073), 16 Material - Handling of (0.060)",0.07414424419403076,0.07298506796360016,0.001159176230430603,False
97,2025,"Deep eutectic solvent-based ferrofluids: Synthesis strategies, characteristics, and applications for trace analytes extraction",24,38,49,0.03574872016906738,0.03526304289698601,0.0004856772720813751,14,Evaluation / Characterization,16,Handling of,13,Properties,"Abstract-only zero-shot classification. Top-3 labels by score: 14 Material - Evaluation / Characterization (0.082), 16 Material - Handling of (0.075), 13 Material - Properties (0.073)",0.08227678388357162,0.07524105906486511,0.0070357248187065125,False
711,2020,Optical transmission of ferrofluids exposed to a magnetic field: Analysis by electromagnetic wave propagation numerical methods,24,49,40,0.04115595296025276,0.04066965728998184,0.0004862956702709198,16,Handling of,50,Review - Survey,51,chapter,"Abstract-only zero-shot classification. Top-3 labels by score: 16 Material - Handling of (0.087), 50 Review - Survey (0.060), 51 Book / Book - chapter (0.056)",0.08747048676013947,0.0595565028488636,0.027913983911275864,False
1186,2017,Hybrid MEFPI/FBG sensor for simultaneous measurement of strain and magnetic field,24,41,11,0.041311945766210556,0.040824439376592636,0.0004875063896179199,16,Handling of,51,chapter,50,Review - Survey,"Abstract-only zero-shot classification. Top-3 labels by score: 16 Material - Handling of (0.066), 51 Book / Book - chapter (0.061), 50 Review - Survey (0.060)",0.0664064809679985,0.06078961119055748,0.005616869777441025,False
1976,2012,Colloids on the frontier of ferrofluids. Rheological properties,45,25,50,0.041290320456027985,0.04080268740653992,0.0004876330494880676,50,Review - Survey,28,Stability and other,38,Using principles of magnetic induction,"Abstract-only zero-shot classification. Top-3 labels by score: 50 Review - Survey (0.075), 28 Computation - Stability and other (0.053), 38 Application - Using principles of magnetic induction (0.052)",0.07457233220338821,0.052886415272951126,0.021685916930437088,False
1130,2018,Rotational inertia force effects in circular squeeze films with A non-newtonian ferrofluid,49,24,16,0.04721498116850853,0.04672447219491005,0.0004905089735984802,14,Evaluation / Characterization,50,Review - Survey,16,Handling of,"Abstract-only zero-shot classification. Top-3 labels by score: 14 Material - Evaluation / Characterization (0.069), 50 Review - Survey (0.066), 16 Material - Handling of (0.058)",0.06948642432689667,0.06626488268375397,0.0032215416431427,False
64,2024,Vortex structure and control in a lid-driven cavity with magnetic field,49,11,24,0.055587008595466614,0.05509331449866295,0.0004936940968036652,28,Stability and other,45,Flow,15,"Manipulation, Droplets, other","Abstract-only zero-shot classification. Top-3 labels by score: 28 Computation - Stability and other (0.085), 45 Application - Flow (0.065), 15 Material - Manipulation, Droplets, other (0.057)",0.08543796837329865,0.06527556478977203,0.02016240358352661,False
2020,2011,"Magnetic minerals, life, and its emergence",44,49,37,0.04260577633976936,0.04211101308465004,0.0004947632551193237,38,Using principles of magnetic induction,16,Handling of,28,Stability and other,"Abstract-only zero-shot classification. Top-3 labels by score: 38 Application - Using principles of magnetic induction (0.094), 16 Material - Handling of (0.073), 28 Computation - Stability and other (0.062)",0.09389576315879822,0.07280394434928894,0.021091818809509277,False
1654,2014,Combined effects of magnetic field and surface roughness on long journal bearing lubricated with ferrofluid,22,24,12,0.03927703574299812,0.03878026083111763,0.0004967749118804932,47,"Bearing, Seal, Lubricant",15,"Manipulation, Droplets, other",50,Review - Survey,"Abstract-only zero-shot classification. Top-3 labels by score: 47 Application - Bearing, Seal, Lubricant (0.072), 15 Material - Manipulation, Droplets, other (0.061), 50 Review - Survey (0.060)",0.07235953211784363,0.06051122397184372,0.011848308145999908,False
3416,1996,The influence of particle diffusion on Couette-Taylor instability of a radially magnetized ferrofluid,24,49,37,0.03679472580552101,0.03629760444164276,0.0004971213638782501,50,Review - Survey,28,Stability and other,14,Evaluation / Characterization,"Abstract-only zero-shot classification. Top-3 labels by score: 50 Review - Survey (0.069), 28 Computation - Stability and other (0.068), 14 Material - Evaluation / Characterization (0.064)",0.06933226436376572,0.06758424639701843,0.001748017966747284,False
3369,1999,The influence of particle concentration in ferrofluids on broadening of the magnetic resonance line,29,12,47,0.037821292877197266,0.03732322156429291,0.0004980713129043579,16,Handling of,14,Evaluation / Characterization,28,Stability and other,"Abstract-only zero-shot classification. Top-3 labels by score: 16 Material - Handling of (0.077), 14 Material - Evaluation / Characterization (0.074), 28 Computation - Stability and other (0.056)",0.07723401486873627,0.07429666072130203,0.0029373541474342346,False
225,2023,Studying the Geometry and Physical Characteristics of FeNi Nanowires in Ferrofluids,51,49,37,0.03721645474433899,0.03671646863222122,0.0004999861121177673,14,Evaluation / Characterization,16,Handling of,51,chapter,"Abstract-only zero-shot classification. Top-3 labels by score: 14 Material - Evaluation / Characterization (0.091), 16 Material - Handling of (0.087), 51 Book / Book - chapter (0.057)",0.09121447801589966,0.08699534833431244,0.004219129681587219,False
2654,2006,Preparation and characterization of ultra-stable biocompatible magnetic fluids using citrate-coated cobalt ferrite nanoparticles,24,49,28,0.04054287075996399,0.04004158079624176,0.000501289963722229,14,Evaluation / Characterization,50,Review - Survey,51,chapter,"Abstract-only zero-shot classification. Top-3 labels by score: 14 Material - Evaluation / Characterization (0.106), 50 Review - Survey (0.060), 51 Book / Book - chapter (0.056)",0.10646633058786392,0.05966616049408913,0.046800170093774796,False
1596,2015,Magnetic properties investigation of a ferrofluid with cobalt ferrite nanoparticles using polarized muons,26,49,24,0.03683435544371605,0.03633138909935951,0.0005029663443565369,50,Review - Survey,14,Evaluation / Characterization,48,"Levitation, Spin of droplets","Abstract-only zero-shot classification. Top-3 labels by score: 50 Review - Survey (0.067), 14 Material - Evaluation / Characterization (0.066), 48 Application - Levitation, Spin of droplets (0.053)",0.06689493358135223,0.0661599189043045,0.0007350146770477295,False
636,2021,Effect of process parameters on the crystal-parameters of Cu-Zn spinel-ferrites,49,48,15,0.05621326342225075,0.05570678040385246,0.0005064830183982849,14,Evaluation / Characterization,46,Heat transfer,50,Review - Survey,"Abstract-only zero-shot classification. Top-3 labels by score: 14 Material - Evaluation / Characterization (0.060), 46 Application - Heat transfer (0.059), 50 Review - Survey (0.050)",0.060390815138816833,0.058937590569257736,0.0014532245695590973,False
1926,2012,Novel ferrofluids coated with a renewable material obtained from cashew nut shell liquid,49,47,37,0.03669242933392525,0.03618448227643967,0.0005079470574855804,14,Evaluation / Characterization,50,Review - Survey,51,chapter,"Abstract-only zero-shot classification. Top-3 labels by score: 14 Material - Evaluation / Characterization (0.090), 50 Review - Survey (0.056), 51 Book / Book - chapter (0.053)",0.09042569994926453,0.055808160454034805,0.03461753949522972,False
615,2021,Magnetoviscosity of a magnetic fluid based on barium hexaferrite nanoplates,28,40,24,0.037309665232896805,0.036801163107156754,0.0005085021257400513,14,Evaluation / Characterization,50,Review - Survey,16,Handling of,"Abstract-only zero-shot classification. Top-3 labels by score: 14 Material - Evaluation / Characterization (0.086), 50 Review - Survey (0.067), 16 Material - Handling of (0.065)",0.08642315864562988,0.06651296466588974,0.019910193979740143,False
3790,1985,Exploring magnetic liquids.,24,49,29,0.03684272617101669,0.03632606565952301,0.0005166605114936829,50,Review - Survey,37,Other than evaluation indicated in class 14 above,15,"Manipulation, Droplets, other","Abstract-only zero-shot classification. Top-3 labels by score: 50 Review - Survey (0.085), 37 Experimentation - Other than evaluation indicated in class 14 above (0.052), 15 Material - Manipulation, Droplets, other (0.052)",0.08506811410188675,0.0524902306497097,0.03257788345217705,False
938,2019,Heat transfer enhancement using ferrofluids,22,25,11,0.04104579985141754,0.04052462428808212,0.0005211755633354187,46,Heat transfer,45,Flow,50,Review - Survey,"Abstract-only zero-shot classification. Top-3 labels by score: 46 Application - Heat transfer (0.115), 45 Application - Flow (0.064), 50 Review - Survey (0.062)",0.11540456116199493,0.06384380906820297,0.05156075209379196,False
2216,2009,Interaction of mono-carboxylic acids in benzene studied by small-angle neutron scattering,16,51,50,0.07251846045255661,0.07199722528457642,0.0005212351679801941,16,Handling of,51,chapter,50,Review - Survey,"Abstract-only zero-shot classification. Top-3 labels by score: 16 Material - Handling of (0.073), 51 Book / Book - chapter (0.072), 50 Review - Survey (0.064)",0.07251846045255661,0.07199722528457642,0.0005212351679801941,True
2980,2003,A study on the novel type of ferrofluid magnetic pipette,37,25,43,0.04115590825676918,0.04063444957137108,0.0005214586853981018,42,Biomedical,50,Review - Survey,41,Medical (Pharmaceutical),"Abstract-only zero-shot classification. Top-3 labels by score: 42 Application - Biomedical (0.094), 50 Review - Survey (0.060), 41 Application - Medical (Pharmaceutical) (0.058)",0.09377655386924744,0.05977216362953186,0.034004390239715576,False
2174,2010,Bijels containing magnetic particles: A simulation study,26,22,39,0.03761777654290199,0.037094730883836746,0.0005230456590652466,28,Stability and other,29,"Magnetic Droplets, Spin of droplet",50,Review - Survey,"Abstract-only zero-shot classification. Top-3 labels by score: 28 Computation - Stability and other (0.068), 29 Computation - Magnetic Droplets, Spin of droplet (0.060), 50 Review - Survey (0.058)",0.06829291582107544,0.059752270579338074,0.008540645241737366,False
2532,2007,Hydrodynamic kinetics of two-dimensional domains in thin smectic-a films,38,29,24,0.03634733706712723,0.035822611302137375,0.0005247257649898529,50,Review - Survey,14,Evaluation / Characterization,37,Other than evaluation indicated in class 14 above,"Abstract-only zero-shot classification. Top-3 labels by score: 50 Review - Survey (0.071), 14 Material - Evaluation / Characterization (0.064), 37 Experimentation - Other than evaluation indicated in class 14 above (0.062)",0.07055149972438812,0.06421685218811035,0.006334647536277771,False
471,2022,Effect of zinc substitution in magnetite structure on heat efficiency for hyperthermia: Investigation in superparamagnetic properties,15,47,21,0.03540099412202835,0.0348762646317482,0.0005247294902801514,14,Evaluation / Characterization,50,Review - Survey,37,Other than evaluation indicated in class 14 above,"Abstract-only zero-shot classification. Top-3 labels by score: 14 Material - Evaluation / Characterization (0.074), 50 Review - Survey (0.053), 37 Experimentation - Other than evaluation indicated in class 14 above (0.050)",0.07422669231891632,0.05292516201734543,0.021301530301570892,False
1812,2012,Continuous-flow ferrohydrodynamic sorting of particles and cells in microfluidic devices,25,49,37,0.04150299355387688,0.04097603261470795,0.00052696093916893,14,Evaluation / Characterization,16,Handling of,50,Review - Survey,"Abstract-only zero-shot classification. Top-3 labels by score: 14 Material - Evaluation / Characterization (0.081), 16 Material - Handling of (0.061), 50 Review - Survey (0.059)",0.0811774879693985,0.06146421283483505,0.019713275134563446,False
1082,2018,The influence of magnetic field applied on fiber Bragg gratings,13,11,44,0.044164396822452545,0.04363706707954407,0.0005273297429084778,14,Evaluation / Characterization,13,Properties,16,Handling of,"Abstract-only zero-shot classification. Top-3 labels by score: 14 Material - Evaluation / Characterization (0.090), 13 Material - Properties (0.083), 16 Material - Handling of (0.078)",0.08982440084218979,0.08316655457019806,0.00665784627199173,False
3776,1986,Formation of ultra-fine amorphous alloy particles by reduction in aqueous solution,11,28,12,0.03772018477320671,0.037192679941654205,0.0005275048315525055,16,Handling of,51,chapter,14,Evaluation / Characterization,"Abstract-only zero-shot classification. Top-3 labels by score: 16 Material - Handling of (0.085), 51 Book / Book - chapter (0.078), 14 Material - Evaluation / Characterization (0.067)",0.08473462611436844,0.07751055806875229,0.00722406804561615,False
1385,2016,Effects of magnetic field strength and direction on anisotropic thermal conductivity of ferrofluids (magnetic nanofluids) at filmwise condensation over a vertical cylinder,13,46,16,0.06279043853282928,0.06226291507482529,0.0005275234580039978,13,Properties,46,Heat transfer,16,Handling of,"Abstract-only zero-shot classification. Top-3 labels by score: 13 Material - Properties (0.063), 46 Application - Heat transfer (0.062), 16 Material - Handling of (0.062)",0.06279043853282928,0.06226291507482529,0.0005275234580039978,True
1837,2013,Global stability results for temperature modulated convection in ferrofluids,39,37,16,0.03718145564198494,0.03665289282798767,0.0005285628139972687,16,Handling of,51,chapter,50,Review - Survey,"Abstract-only zero-shot classification. Top-3 labels by score: 16 Material - Handling of (0.086), 51 Book / Book - chapter (0.067), 50 Review - Survey (0.065)",0.08592350035905838,0.06714718043804169,0.018776319921016693,False
3212,2000,Calculated properties of field-induced aggregates in ferrofluids,11,46,28,0.05546526610851288,0.05493609607219696,0.000529170036315918,16,Handling of,14,Evaluation / Characterization,50,Review - Survey,"Abstract-only zero-shot classification. Top-3 labels by score: 16 Material - Handling of (0.069), 14 Material - Evaluation / Characterization (0.065), 50 Review - Survey (0.064)",0.06887099146842957,0.06461336463689804,0.004257626831531525,False
1207,2017,Cooling performances of the cooling system using ferrofluid for high power IGBT device,49,24,15,0.03832170367240906,0.037789907306432724,0.0005317963659763336,15,"Manipulation, Droplets, other",28,Stability and other,50,Review - Survey,"Abstract-only zero-shot classification. Top-3 labels by score: 15 Material - Manipulation, Droplets, other (0.105), 28 Computation - Stability and other (0.070), 50 Review - Survey (0.069)",0.10513944923877716,0.06952089816331863,0.03561855107545853,False
1935,2012,Ferrite-based magnetic nanofluids used in hyperthermia applications,16,24,21,0.03889770060777664,0.03836461529135704,0.0005330853164196014,40,"Medical (Hyperthermia, Cancer, Drug Delivery)",42,Biomedical,41,Medical (Pharmaceutical),"Abstract-only zero-shot classification. Top-3 labels by score: 40 Application - Medical (Hyperthermia, Cancer, Drug Delivery) (0.091), 42 Application - Biomedical (0.089), 41 Application - Medical (Pharmaceutical) (0.077)",0.09123777598142624,0.08904185146093369,0.0021959245204925537,False
2166,2010,Structure and in vitro biological testing of water-based ferrofluids stabilized by monocarboxylic acids,49,37,28,0.04789617285132408,0.0473625622689724,0.0005336105823516846,14,Evaluation / Characterization,16,Handling of,50,Review - Survey,"Abstract-only zero-shot classification. Top-3 labels by score: 14 Material - Evaluation / Characterization (0.076), 16 Material - Handling of (0.063), 50 Review - Survey (0.062)",0.07576804608106613,0.06260615587234497,0.013161890208721161,False
1714,2013,Synthesis and characterization of carbon-coated magnetite for functionalized ferrofluids,14,27,21,0.04643348231911659,0.04589512199163437,0.0005383603274822235,42,Biomedical,50,Review - Survey,13,Properties,"Abstract-only zero-shot classification. Top-3 labels by score: 42 Application - Biomedical (0.065), 50 Review - Survey (0.056), 13 Material - Properties (0.050)",0.06469665467739105,0.05603525787591934,0.00866139680147171,False
2284,2009,Morphological investigation of monodispersed manganese ferrite nanoparticles by the impedance measurement,16,27,28,0.044705793261528015,0.04416687786579132,0.0005389153957366943,14,Evaluation / Characterization,16,Handling of,50,Review - Survey,"Abstract-only zero-shot classification. Top-3 labels by score: 14 Material - Evaluation / Characterization (0.079), 16 Material - Handling of (0.071), 50 Review - Survey (0.070)",0.07920469343662262,0.07092469185590744,0.00828000158071518,False
1701,2013,Structurization of ferrofluids in the absence of an external magnetic field,51,28,11,0.08630797266960144,0.0857660323381424,0.0005419403314590454,51,chapter,16,Handling of,14,Evaluation / Characterization,"Abstract-only zero-shot classification. Top-3 labels by score: 51 Book / Book - chapter (0.086), 16 Material - Handling of (0.078), 14 Material - Evaluation / Characterization (0.078)",0.08568403124809265,0.07787251472473145,0.007811516523361206,True
3286,2000,Measurement of surface tension of ferrofluids,37,44,47,0.03618386387825012,0.035641226917505264,0.0005426369607448578,50,Review - Survey,14,Evaluation / Characterization,16,Handling of,"Abstract-only zero-shot classification. Top-3 labels by score: 50 Review - Survey (0.085), 14 Material - Evaluation / Characterization (0.070), 16 Material - Handling of (0.053)",0.08487416803836823,0.07026742398738861,0.014606744050979614,False
3315,2000,Fluidic components based on ferrofluids,24,49,11,0.03838468715548515,0.03784022107720375,0.0005444660782814026,16,Handling of,50,Review - Survey,51,chapter,"Abstract-only zero-shot classification. Top-3 labels by score: 16 Material - Handling of (0.073), 50 Review - Survey (0.069), 51 Book / Book - chapter (0.063)",0.07305444031953812,0.06863634288311005,0.00441809743642807,False
1731,2013,Volume fraction dependent magnetic behaviour of ferrofluids for rotating seal applications,49,40,29,0.05610563978552818,0.055555712431669235,0.0005499273538589478,14,Evaluation / Characterization,51,chapter,50,Review - Survey,"Abstract-only zero-shot classification. Top-3 labels by score: 14 Material - Evaluation / Characterization (0.086), 51 Book / Book - chapter (0.060), 50 Review - Survey (0.059)",0.08606738597154617,0.06008675694465637,0.0259806290268898,False
3984,1979,Fluid Dynamics and Science of Magnetic Liquids,24,37,22,0.038824956864118576,0.03827233985066414,0.0005526170134544373,51,chapter,50,Review - Survey,28,Stability and other,"Abstract-only zero-shot classification. Top-3 labels by score: 51 Book / Book - chapter (0.154), 50 Review - Survey (0.075), 28 Computation - Stability and other (0.053)",0.15443630516529083,0.07545868307352066,0.07897762209177017,False
936,2019,On the dynamics of ferrofluids: Global weak solutions to the rosensweig system and rigorous convergence to equilibrium,49,28,24,0.03714117035269737,0.0365837886929512,0.00055738165974617,50,Review - Survey,16,Handling of,14,Evaluation / Characterization,"Abstract-only zero-shot classification. Top-3 labels by score: 50 Review - Survey (0.079), 16 Material - Handling of (0.075), 14 Material - Evaluation / Characterization (0.070)",0.07914532721042633,0.07524152845144272,0.003903798758983612,False
1264,2017,Magnetic retardance and magnetic heating in dextran-citrate coated ferrofluids,49,37,24,0.050993241369724274,0.05043385177850723,0.000559389591217041,46,Heat transfer,14,Evaluation / Characterization,50,Review - Survey,"Abstract-only zero-shot classification. Top-3 labels by score: 46 Application - Heat transfer (0.076), 14 Material - Evaluation / Characterization (0.060), 50 Review - Survey (0.055)",0.07570492476224899,0.060202933847904205,0.015501990914344788,False
2456,2007,Magnetic nanostructures in liquid and amorphous materials as probed by small angle neutron scattering,26,25,21,0.03700905293226242,0.03644365444779396,0.0005653984844684601,51,chapter,50,Review - Survey,14,Evaluation / Characterization,"Abstract-only zero-shot classification. Top-3 labels by score: 51 Book / Book - chapter (0.083), 50 Review - Survey (0.067), 14 Material - Evaluation / Characterization (0.060)",0.08342409133911133,0.06721009314060211,0.016213998198509216,False
107,2024,"Exploring double-diffusive convection in ferromagnetic Carreau nanofluid with magnetic dipole: Insights for solar thermal systems over plate, wedge, and stagnation",48,29,37,0.040840063244104385,0.04027259349822998,0.0005674697458744049,46,Heat transfer,14,Evaluation / Characterization,26,Heat,"Abstract-only zero-shot classification. Top-3 labels by score: 46 Application - Heat transfer (0.099), 14 Material - Evaluation / Characterization (0.071), 26 Computation - Heat (0.062)",0.09875822067260742,0.07141221314668655,0.027346007525920868,False
2888,2004,Preparation of nano-scale PEG/Fe3O4 ferrofluids,47,49,41,0.04127836599946022,0.04070946201682091,0.0005689039826393127,50,Review - Survey,14,Evaluation / Characterization,45,Flow,"Abstract-only zero-shot classification. Top-3 labels by score: 50 Review - Survey (0.073), 14 Material - Evaluation / Characterization (0.061), 45 Application - Flow (0.055)",0.0725691094994545,0.061035722494125366,0.011533387005329132,False
2145,2010,Behavior of bulky ferrofluids in the diluted low-coupling regime: Theory and simulation,24,49,29,0.03921142965555191,0.038640525192022324,0.0005709044635295868,16,Handling of,25,Flow,14,Evaluation / Characterization,"Abstract-only zero-shot classification. Top-3 labels by score: 16 Material - Handling of (0.103), 25 Computation - Flow (0.075), 14 Material - Evaluation / Characterization (0.065)",0.10281890630722046,0.07453770190477371,0.028281204402446747,False
530,2022,Thermal Conductivity Analysis of Ethylene Glycol/H2O-Based MgFe2O4 Ferrofluid,39,24,16,0.03927868232131004,0.03870714083313942,0.0005715414881706238,14,Evaluation / Characterization,50,Review - Survey,12,Formulation,"Abstract-only zero-shot classification. Top-3 labels by score: 14 Material - Evaluation / Characterization (0.092), 50 Review - Survey (0.057), 12 Material - Formulation (0.056)",0.0923905149102211,0.05714087188243866,0.03524964302778244,False
594,2021,"Superparamagnetic magnetite nanoparticles for cancer cells treatment via magnetic hyperthermia: effect of natural capping agent, particle size and concentration",43,39,42,0.04333661496639252,0.042763467878103256,0.0005731470882892609,42,Biomedical,46,Heat transfer,38,Using principles of magnetic induction,"Abstract-only zero-shot classification. Top-3 labels by score: 42 Application - Biomedical (0.138), 46 Application - Heat transfer (0.076), 38 Application - Using principles of magnetic induction (0.068)",0.13798736035823822,0.0761314183473587,0.06185594201087952,False
205,2023,A computational fluid dynamics analysis on Fe3O4–H2O based nanofluid axisymmetric flow over a rotating disk with heat transfer enhancement,24,37,41,0.03821086883544922,0.03763697296380997,0.0005738958716392517,22,CFD,46,Heat transfer,37,Other than evaluation indicated in class 14 above,"Abstract-only zero-shot classification. Top-3 labels by score: 22 Computation - CFD (0.073), 46 Application - Heat transfer (0.055), 37 Experimentation - Other than evaluation indicated in class 14 above (0.046)",0.07265865057706833,0.055320944637060165,0.017337705940008163,False
751,2020,Determination of the statistics of magnetically induced particle chains in concentrated ferrofluids,24,41,39,0.04914570972323418,0.048568639904260635,0.0005770698189735413,14,Evaluation / Characterization,50,Review - Survey,51,chapter,"Abstract-only zero-shot classification. Top-3 labels by score: 14 Material - Evaluation / Characterization (0.087), 50 Review - Survey (0.062), 51 Book / Book - chapter (0.054)",0.08714563399553299,0.061899200081825256,0.025246433913707733,False
3529,1996,Octadecene intraocular infection as previous stage of experimental use of intraoculars ferrofluids; [INYECCION INTRAOCULAR DE OCTADECENO COMO FASE PREVIA AL EMPLEO EXPERIMENTAL DE FERROFLUIDOS INTRAOCULARES],37,29,49,0.03861147537827492,0.0380333848297596,0.0005780905485153198,50,Review - Survey,37,Other than evaluation indicated in class 14 above,14,Evaluation / Characterization,"Abstract-only zero-shot classification. Top-3 labels by score: 50 Review - Survey (0.075), 37 Experimentation - Other than evaluation indicated in class 14 above (0.065), 14 Material - Evaluation / Characterization (0.061)",0.07516466081142426,0.06548643857240677,0.009678222239017487,False
699,2021,Effect of magnetic field on the thermophysical properties of low-density ferrofluid with disk-shaped MgFe2O4 nanoparticles,24,49,43,0.054188501089811325,0.053609784692525864,0.0005787163972854614,13,Properties,14,Evaluation / Characterization,50,Review - Survey,"Abstract-only zero-shot classification. Top-3 labels by score: 13 Material - Properties (0.068), 14 Material - Evaluation / Characterization (0.063), 50 Review - Survey (0.062)",0.06837130337953568,0.06296166032552719,0.005409643054008484,False
1513,2014,The magnetoviscous effect of a biocompatible ferrofluid at high shear rates,24,49,37,0.03719453513622284,0.036615438759326935,0.0005790963768959045,42,Biomedical,45,Flow,14,Evaluation / Characterization,"Abstract-only zero-shot classification. Top-3 labels by score: 42 Application - Biomedical (0.071), 45 Application - Flow (0.068), 14 Material - Evaluation / Characterization (0.063)",0.0705544501543045,0.06792587786912918,0.0026285722851753235,False
1437,2016,Spontaneous liquid crystal and ferromagnetic ordering of colloidal magnetic nanoplates,24,49,12,0.051908183842897415,0.05132834240794182,0.0005798414349555969,16,Handling of,15,"Manipulation, Droplets, other",50,Review - Survey,"Abstract-only zero-shot classification. Top-3 labels by score: 16 Material - Handling of (0.086), 15 Material - Manipulation, Droplets, other (0.062), 50 Review - Survey (0.062)",0.08550101518630981,0.06228490173816681,0.023216113448143005,False
1973,2011,Microsecond-scale switching time of magnetic fluids due to the optical trapping effect in waveguide structure,11,28,51,0.07144099473953247,0.07085974514484406,0.0005812495946884155,16,Handling of,50,Review - Survey,51,chapter,"Abstract-only zero-shot classification. Top-3 labels by score: 16 Material - Handling of (0.068), 50 Review - Survey (0.068), 51 Book / Book - chapter (0.064)",0.06836961954832077,0.06789315491914749,0.0004764646291732788,False
2405,2008,Neutron investigations of the interaction of surfactant molecules in non-polar solvent,49,22,27,0.03520866855978966,0.03462061658501625,0.000588051974773407,14,Evaluation / Characterization,50,Review - Survey,13,Properties,"Abstract-only zero-shot classification. Top-3 labels by score: 14 Material - Evaluation / Characterization (0.092), 50 Review - Survey (0.073), 13 Material - Properties (0.072)",0.09163662046194077,0.07344254851341248,0.01819407194852829,False
1904,2012,Synthesis of magnetic iron oxide particles: Development of an in situ coating procedure for fibrous materials,24,11,47,0.05332203954458237,0.052733536809682846,0.0005885027348995209,50,Review - Survey,12,Formulation,45,Flow,"Abstract-only zero-shot classification. Top-3 labels by score: 50 Review - Survey (0.067), 12 Material - Formulation (0.056), 45 Application - Flow (0.055)",0.06730760633945465,0.056332074105739594,0.010975532233715057,False
1268,2017,Plasmonic sensor based on tapered optical fibers and magnetic fluids for measuring magnetic fields,29,48,22,0.04464687034487724,0.04405442997813225,0.0005924403667449951,14,Evaluation / Characterization,50,Review - Survey,16,Handling of,"Abstract-only zero-shot classification. Top-3 labels by score: 14 Material - Evaluation / Characterization (0.091), 50 Review - Survey (0.068), 16 Material - Handling of (0.065)",0.0911058709025383,0.06810545176267624,0.02300041913986206,False
1573,2015,Energy-driven pattern formation in planar dipole-dipole systems in the presence of weak noise,11,24,28,0.05820007622241974,0.05760328471660614,0.0005967915058135986,50,Review - Survey,51,chapter,16,Handling of,"Abstract-only zero-shot classification. Top-3 labels by score: 50 Review - Survey (0.068), 51 Book / Book - chapter (0.066), 16 Material - Handling of (0.064)",0.06815502792596817,0.06586256623268127,0.0022924616932868958,False
378,2023,Structural influence of chromium substituted magnetite ferrofluids on the optical and antibacterial characteristics,11,14,13,0.05913112685084343,0.058529146015644073,0.0006019808351993561,42,Biomedical,14,Evaluation / Characterization,13,Properties,"Abstract-only zero-shot classification. Top-3 labels by score: 42 Application - Biomedical (0.086), 14 Material - Evaluation / Characterization (0.070), 13 Material - Properties (0.059)",0.08567687124013901,0.070009246468544,0.015667624771595,False
373,2023,Magnetic dipole effects on non-Newtonian ferrofluid over a stretching sheet,49,29,28,0.04159439355134964,0.04099129140377045,0.0006031021475791931,14,Evaluation / Characterization,46,Heat transfer,16,Handling of,"Abstract-only zero-shot classification. Top-3 labels by score: 14 Material - Evaluation / Characterization (0.090), 46 Application - Heat transfer (0.069), 16 Material - Handling of (0.062)",0.09021686017513275,0.0687098577618599,0.021507002413272858,False
387,2023,Viscoelastic Properties of Ferrofluids with Clustered Particles,24,12,16,0.06641042232513428,0.06580433249473572,0.0006060898303985596,42,Biomedical,12,Formulation,16,Handling of,"Abstract-only zero-shot classification. Top-3 labels by score: 42 Application - Biomedical (0.067), 12 Material - Formulation (0.059), 16 Material - Handling of (0.059)",0.0667436346411705,0.05940643325448036,0.00733720138669014,False
923,2019,Non-uniform distribution of ferrofluids spherical particles under external electric field: Theoretical description,28,37,49,0.03532678633928299,0.034719061106443405,0.0006077252328395844,16,Handling of,14,Evaluation / Characterization,51,chapter,"Abstract-only zero-shot classification. Top-3 labels by score: 16 Material - Handling of (0.069), 14 Material - Evaluation / Characterization (0.062), 51 Book / Book - chapter (0.054)",0.06942829489707947,0.06186066195368767,0.0075676329433918,False
88,2025,Machine learning-driven predictive modeling of magnetohydrodynamic double diffusion of non-Newtonian hybrid ferrofluids with variable thermophysical properties within corrugated cylinders,49,39,11,0.03568902611732483,0.035079021006822586,0.000610005110502243,22,CFD,46,Heat transfer,45,Flow,"Abstract-only zero-shot classification. Top-3 labels by score: 22 Computation - CFD (0.080), 46 Application - Heat transfer (0.069), 45 Application - Flow (0.058)",0.08009351789951324,0.06892407685518265,0.011169441044330597,False
964,2019,Magnetically induced flow focusing of non- magnetic microparticles in ferrofluids under inclined magnetic fields,40,15,29,0.03490391746163368,0.034292738884687424,0.0006111785769462585,42,Biomedical,50,Review - Survey,16,Handling of,"Abstract-only zero-shot classification. Top-3 labels by score: 42 Application - Biomedical (0.082), 50 Review - Survey (0.078), 16 Material - Handling of (0.062)",0.0819508284330368,0.07758676260709763,0.0043640658259391785,False
177,2024,Structural and Magnetic Characterization of a Ferrofluid Obtained Through an Economical Way of Chemical Synthesis,40,24,47,0.036828674376010895,0.036216311156749725,0.0006123632192611694,14,Evaluation / Characterization,13,Properties,50,Review - Survey,"Abstract-only zero-shot classification. Top-3 labels by score: 14 Material - Evaluation / Characterization (0.109), 13 Material - Properties (0.058), 50 Review - Survey (0.058)",0.10943733155727386,0.05828356742858887,0.051153764128685,False
3164,2002,Dielectric behavior of some ferrofluids in low-frequency fields,49,37,24,0.03819901496171951,0.03758343681693077,0.0006155781447887421,14,Evaluation / Characterization,16,Handling of,51,chapter,"Abstract-only zero-shot classification. Top-3 labels by score: 14 Material - Evaluation / Characterization (0.072), 16 Material - Handling of (0.065), 51 Book / Book - chapter (0.056)",0.0721760168671608,0.06523152440786362,0.00694449245929718,False
1944,2012,"Microfluidics in engineering, science, and technology education",51,41,37,0.03836221620440483,0.037744760513305664,0.0006174556910991669,50,Review - Survey,51,chapter,14,Evaluation / Characterization,"Abstract-only zero-shot classification. Top-3 labels by score: 50 Review - Survey (0.084), 51 Book / Book - chapter (0.066), 14 Material - Evaluation / Characterization (0.059)",0.08379992842674255,0.06640156358480453,0.01739836484193802,False
1020,2019,Impact of magnetohydrodynamics (MHD) on energy transmission through ferrofluid saturating porous medium contained in a lid-driven trapezoidal container with triangular notched heater configuration,11,24,15,0.061063800007104874,0.06044388189911842,0.0006199181079864502,16,Handling of,45,Flow,25,Flow,"Abstract-only zero-shot classification. Top-3 labels by score: 16 Material - Handling of (0.076), 45 Application - Flow (0.075), 25 Computation - Flow (0.065)",0.07571239024400711,0.07490343600511551,0.0008089542388916016,False
2232,2009,Label-free cellular manipulation and sorting via biocompatible ferrofluids,49,40,24,0.04055778682231903,0.03992782160639763,0.000629965215921402,45,Flow,16,Handling of,50,Review - Survey,"Abstract-only zero-shot classification. Top-3 labels by score: 45 Application - Flow (0.134), 16 Material - Handling of (0.068), 50 Review - Survey (0.064)",0.1344490647315979,0.06846936792135239,0.06597969681024551,False
3267,2001,Alternating magneto-birefringence of ionic ferrofluids in crossed fields,24,25,49,0.04698064550757408,0.04634891450405121,0.0006317310035228729,15,"Manipulation, Droplets, other",50,Review - Survey,45,Flow,"Abstract-only zero-shot classification. Top-3 labels by score: 15 Material - Manipulation, Droplets, other (0.077), 50 Review - Survey (0.072), 45 Application - Flow (0.058)",0.07719392329454422,0.07162944972515106,0.005564473569393158,False
3125,2002,On the influence of anisotropy on the magnetic small-angle neutron scattering of superparamagnetic particles,49,21,24,0.03717079013586044,0.03653649985790253,0.0006342902779579163,50,Review - Survey,14,Evaluation / Characterization,27,Modelling,"Abstract-only zero-shot classification. Top-3 labels by score: 50 Review - Survey (0.079), 14 Material - Evaluation / Characterization (0.062), 27 Computation - Modelling (0.055)",0.07852143794298172,0.06230953708291054,0.016211900860071182,False
1531,2015,Needle-type GMR sensor to estimate the magnetic properties of diluted ferrofluid for biomedicine application,26,24,29,0.04180161654949188,0.04116233065724373,0.0006392858922481537,14,Evaluation / Characterization,16,Handling of,50,Review - Survey,"Abstract-only zero-shot classification. Top-3 labels by score: 14 Material - Evaluation / Characterization (0.103), 16 Material - Handling of (0.060), 50 Review - Survey (0.058)",0.10287974774837494,0.05978117883205414,0.0430985689163208,False
3078,2003,"Thermal convection in binary fluid mixtures with a weak concentration diffusivity, but strong solutal buoyancy forces",16,51,14,0.0668286383152008,0.06618887186050415,0.0006397664546966553,16,Handling of,51,chapter,14,Evaluation / Characterization,"Abstract-only zero-shot classification. Top-3 labels by score: 16 Material - Handling of (0.067), 51 Book / Book - chapter (0.066), 14 Material - Evaluation / Characterization (0.061)",0.0668286383152008,0.06618887186050415,0.0006397664546966553,True
2087,2011,Magnetic hyperthermia studies in magnetite ferrofluids,28,16,51,0.04604350030422211,0.04540320113301277,0.0006402991712093353,14,Evaluation / Characterization,16,Handling of,51,chapter,"Abstract-only zero-shot classification. Top-3 labels by score: 14 Material - Evaluation / Characterization (0.083), 16 Material - Handling of (0.056), 51 Book / Book - chapter (0.055)",0.08262013643980026,0.055611785501241684,0.02700835093855858,False
1960,2012,A grating-less in-fibre magnetometer realised in a polymer-MOF infiltrated using ferrofluid,49,39,51,0.043566759675741196,0.04292629659175873,0.0006404630839824677,16,Handling of,50,Review - Survey,13,Properties,"Abstract-only zero-shot classification. Top-3 labels by score: 16 Material - Handling of (0.076), 50 Review - Survey (0.070), 13 Material - Properties (0.062)",0.07593188434839249,0.07045625150203705,0.005475632846355438,False
2540,2006,Extracellular synthesis of magnetite and metal-substituted magnetite nanoparticles,24,15,14,0.07378891855478287,0.0731436088681221,0.0006453096866607666,42,Biomedical,13,Properties,50,Review - Survey,"Abstract-only zero-shot classification. Top-3 labels by score: 42 Application - Biomedical (0.060), 13 Material - Properties (0.059), 50 Review - Survey (0.053)",0.05977857857942581,0.058914098888635635,0.0008644796907901764,False
3404,1998,Phase diagram in a continuum model of the classical Heisenberg ferromagnet: Mean spherical approximation,24,15,49,0.041700344532728195,0.04105219617486,0.0006481483578681946,14,Evaluation / Characterization,16,Handling of,50,Review - Survey,"Abstract-only zero-shot classification. Top-3 labels by score: 14 Material - Evaluation / Characterization (0.089), 16 Material - Handling of (0.081), 50 Review - Survey (0.060)",0.08947215974330902,0.0813697800040245,0.008102379739284515,False
2825,2004,Block copolysiloxanes and their complexation with cobalt nanoparticles,28,15,11,0.06334023922681808,0.06269184499979019,0.0006483942270278931,50,Review - Survey,16,Handling of,51,chapter,"Abstract-only zero-shot classification. Top-3 labels by score: 50 Review - Survey (0.067), 16 Material - Handling of (0.060), 51 Book / Book - chapter (0.058)",0.06723696738481522,0.05981971323490143,0.007417254149913788,False
2254,2009,Small-angle neutron scattering analysis of a water-based magnetic fluid with charge stabilization: Contrast variation and scattering of polarized neutrons,24,25,37,0.10025197267532349,0.09960313141345978,0.0006488412618637085,14,Evaluation / Characterization,50,Review - Survey,16,Handling of,"Abstract-only zero-shot classification. Top-3 labels by score: 14 Material - Evaluation / Characterization (0.082), 50 Review - Survey (0.073), 16 Material - Handling of (0.065)",0.08249421417713165,0.07337813079357147,0.00911608338356018,False
231,2023,Removal Efficiency for Micro-Polystyrene in Water by the Oil-Based Ferrofluid Employ Response Surface Methodology; [Keberkesanan Penyingkiran Mikro-Polisterina dalam Air oleh Bendalir Magnetik Berasaskan Minyak menggunakan Kaedah Gerak Balas Permukaan],50,14,16,0.057614464312791824,0.05696303769946098,0.0006514266133308411,50,Review - Survey,14,Evaluation / Characterization,16,Handling of,"Abstract-only zero-shot classification. Top-3 labels by score: 50 Review - Survey (0.058), 14 Material - Evaluation / Characterization (0.057), 16 Material - Handling of (0.055)",0.057614464312791824,0.05696303769946098,0.0006514266133308411,True
1996,2012,Derivation of ferrofluid lubrication equation of cylindrical squeeze films with convective fluid inertia forces and application to circular disks,24,49,11,0.03525175154209137,0.034599095582962036,0.0006526559591293335,16,Handling of,51,chapter,14,Evaluation / Characterization,"Abstract-only zero-shot classification. Top-3 labels by score: 16 Material - Handling of (0.077), 51 Book / Book - chapter (0.075), 14 Material - Evaluation / Characterization (0.059)",0.07749712467193604,0.07461492717266083,0.0028821974992752075,False
532,2021,Microcapsules with controlled magnetic response,24,25,45,0.03776220977306366,0.037109386175870895,0.0006528235971927643,50,Review - Survey,45,Flow,51,chapter,"Abstract-only zero-shot classification. Top-3 labels by score: 50 Review - Survey (0.073), 45 Application - Flow (0.069), 51 Book / Book - chapter (0.062)",0.07330610603094101,0.06856624782085419,0.0047398582100868225,False
3038,2002,Ferrofluid based deformable mirrors - A new approach to adaptive optics using liquid mirrors,50,47,37,0.03717685118317604,0.03652380034327507,0.0006530508399009705,50,Review - Survey,38,Using principles of magnetic induction,37,Other than evaluation indicated in class 14 above,"Abstract-only zero-shot classification. Top-3 labels by score: 50 Review - Survey (0.081), 38 Application - Using principles of magnetic induction (0.066), 37 Experimentation - Other than evaluation indicated in class 14 above (0.057)",0.08068516105413437,0.06618963181972504,0.014495529234409332,True
442,2022,Dispersion medium crystallization effect on the magnetic susceptibility of ferrofluids,24,11,22,0.03965427726507187,0.038999516516923904,0.0006547607481479645,50,Review - Survey,14,Evaluation / Characterization,16,Handling of,"Abstract-only zero-shot classification. Top-3 labels by score: 50 Review - Survey (0.080), 14 Material - Evaluation / Characterization (0.079), 16 Material - Handling of (0.052)",0.0802752748131752,0.07918939739465714,0.0010858774185180664,False
426,2022,Structural and magnetic studies of cobalt substituted magnetite ferrofluids,43,51,24,0.039938997477293015,0.039282623678445816,0.0006563737988471985,14,Evaluation / Characterization,13,Properties,50,Review - Survey,"Abstract-only zero-shot classification. Top-3 labels by score: 14 Material - Evaluation / Characterization (0.079), 13 Material - Properties (0.054), 50 Review - Survey (0.051)",0.07898145914077759,0.053933341056108475,0.025048118084669113,False
1019,2018,Functionalization of Fe3O4 nanoparticles,15,48,11,0.0433005765080452,0.0426429845392704,0.0006575919687747955,41,Medical (Pharmaceutical),14,Evaluation / Characterization,42,Biomedical,"Abstract-only zero-shot classification. Top-3 labels by score: 41 Application - Medical (Pharmaceutical) (0.079), 14 Material - Evaluation / Characterization (0.066), 42 Application - Biomedical (0.063)",0.07927213609218597,0.0659484788775444,0.013323657214641571,False
3129,2002,Phase behavior of magnetic colloid-polymer mixtures: 2. A magnetic sensing coil study,28,22,26,0.06584590673446655,0.06518759578466415,0.0006583109498023987,28,Stability and other,50,Review - Survey,37,Other than evaluation indicated in class 14 above,"Abstract-only zero-shot classification. Top-3 labels by score: 28 Computation - Stability and other (0.099), 50 Review - Survey (0.080), 37 Experimentation - Other than evaluation indicated in class 14 above (0.059)",0.09858102351427078,0.07966636121273041,0.018914662301540375,True
3011,2002,Neutron magnetic tomography of ferrofluids,40,37,47,0.05713732913136482,0.05647791549563408,0.0006594136357307434,38,Using principles of magnetic induction,14,Evaluation / Characterization,51,chapter,"Abstract-only zero-shot classification. Top-3 labels by score: 38 Application - Using principles of magnetic induction (0.114), 14 Material - Evaluation / Characterization (0.085), 51 Book / Book - chapter (0.063)",0.11360275000333786,0.08544155210256577,0.028161197900772095,False
583,2021,CO2 absorption using ferrofluids in a venturi scrubber with uniform magnetic field of a solenoid,21,24,49,0.03538145869970322,0.03472088277339935,0.0006605759263038635,51,chapter,50,Review - Survey,16,Handling of,"Abstract-only zero-shot classification. Top-3 labels by score: 51 Book / Book - chapter (0.068), 50 Review - Survey (0.065), 16 Material - Handling of (0.057)",0.06789357215166092,0.06538451462984085,0.0025090575218200684,False
1925,2012,Extinction of polarized light in ferrofluids with different magnetic particle concentrations,15,49,37,0.05035229027271271,0.04968878999352455,0.0006635002791881561,11,Chemistry,50,Review - Survey,51,chapter,"Abstract-only zero-shot classification. Top-3 labels by score: 11 Material - Chemistry (0.081), 50 Review - Survey (0.058), 51 Book / Book - chapter (0.052)",0.0809243842959404,0.05809478089213371,0.022829603403806686,False
3321,1999,Comparison between a magneto-optical method and fannin's technique for the measurement of brown's relaxation frequency of ferrofluids,49,28,29,0.03564097359776497,0.034972526133060455,0.0006684474647045135,14,Evaluation / Characterization,50,Review - Survey,28,Stability and other,"Abstract-only zero-shot classification. Top-3 labels by score: 14 Material - Evaluation / Characterization (0.075), 50 Review - Survey (0.058), 28 Computation - Stability and other (0.055)",0.0752820298075676,0.05802210420370102,0.017259925603866577,False
3914,1975,FERROFLUIDS: LIQUID MAGNETICS.,49,42,43,0.03981873020529747,0.03914592042565346,0.0006728097796440125,47,"Bearing, Seal, Lubricant",50,Review - Survey,16,Handling of,"Abstract-only zero-shot classification. Top-3 labels by score: 47 Application - Bearing, Seal, Lubricant (0.089), 50 Review - Survey (0.080), 16 Material - Handling of (0.065)",0.08901866525411606,0.08006434887647629,0.00895431637763977,False
3767,1985,MAGNETO-OPTIC EFFECTS IN FERROFLUIDS.,49,24,37,0.03892382234334946,0.03825013339519501,0.0006736889481544495,16,Handling of,50,Review - Survey,14,Evaluation / Characterization,"Abstract-only zero-shot classification. Top-3 labels by score: 16 Material - Handling of (0.090), 50 Review - Survey (0.065), 14 Material - Evaluation / Characterization (0.062)",0.08972629904747009,0.06484826654195786,0.024878032505512238,False
2136,2010,The use of colloidal ferrofluid as building blocks for nanostructured layer-by-layer films fabrication,22,23,16,0.03630957752466202,0.035634785890579224,0.0006747916340827942,16,Handling of,50,Review - Survey,13,Properties,"Abstract-only zero-shot classification. Top-3 labels by score: 16 Material - Handling of (0.066), 50 Review - Survey (0.060), 13 Material - Properties (0.058)",0.06637641042470932,0.05972397327423096,0.006652437150478363,False
2370,2008,Preparation and properties of water-based magnetic fluids,37,24,28,0.035447653383016586,0.03477220982313156,0.000675443559885025,50,Review - Survey,51,chapter,14,Evaluation / Characterization,"Abstract-only zero-shot classification. Top-3 labels by score: 50 Review - Survey (0.071), 51 Book / Book - chapter (0.062), 14 Material - Evaluation / Characterization (0.061)",0.07130823284387589,0.06249231472611427,0.008815918117761612,False
675,2021,A double cell differential thermometric system for specific loss power measurements in magnetic hyperthermia,28,16,51,0.036703918129205704,0.03602783754467964,0.000676080584526062,16,Handling of,50,Review - Survey,46,Heat transfer,"Abstract-only zero-shot classification. Top-3 labels by score: 16 Material - Handling of (0.100), 50 Review - Survey (0.063), 46 Application - Heat transfer (0.063)",0.09984774142503738,0.06347249448299408,0.036375246942043304,False
1018,2018,On the impact of surfactant type on the structure of aqueous ferrofluids,22,26,21,0.05508524179458618,0.05440830439329147,0.0006769374012947083,14,Evaluation / Characterization,28,Stability and other,50,Review - Survey,"Abstract-only zero-shot classification. Top-3 labels by score: 14 Material - Evaluation / Characterization (0.076), 28 Computation - Stability and other (0.066), 50 Review - Survey (0.057)",0.07560861110687256,0.0659736841917038,0.009634926915168762,False
2467,2007,Recent advances in the stability and rheology of magnetic colloids,24,49,37,0.036868322640657425,0.03618565946817398,0.0006826631724834442,51,chapter,37,Other than evaluation indicated in class 14 above,16,Handling of,"Abstract-only zero-shot classification. Top-3 labels by score: 51 Book / Book - chapter (0.107), 37 Experimentation - Other than evaluation indicated in class 14 above (0.060), 16 Material - Handling of (0.059)",0.10694751143455505,0.05991505831480026,0.04703245311975479,False
86,2024,Slow remagnetization of ferrofluids with internal structures,24,49,41,0.0864097997546196,0.08572599291801453,0.000683806836605072,42,Biomedical,50,Review - Survey,41,Medical (Pharmaceutical),"Abstract-only zero-shot classification. Top-3 labels by score: 42 Application - Biomedical (0.062), 50 Review - Survey (0.059), 41 Application - Medical (Pharmaceutical) (0.058)",0.06161860376596451,0.05900449678301811,0.002614106982946396,False
2210,2009,Hemimicelles of alkyl carboxylates chemisorbed onto magnetic nanoparticles: Study and application to the extraction of carcinogenic polycyclic aromatic hydrocarbons in environmental water samples,49,42,26,0.034917157143354416,0.034233126789331436,0.0006840303540229797,38,Using principles of magnetic induction,16,Handling of,50,Review - Survey,"Abstract-only zero-shot classification. Top-3 labels by score: 38 Application - Using principles of magnetic induction (0.073), 16 Material - Handling of (0.062), 50 Review - Survey (0.059)",0.07340653985738754,0.06223234534263611,0.011174194514751434,False
654,2021,Ferrofluids-based microextraction systems to process organic and inorganic targets: The state-of-the-art advances and applications,39,44,24,0.03727450594305992,0.03658904507756233,0.0006854608654975891,51,chapter,16,Handling of,11,Chemistry,"Abstract-only zero-shot classification. Top-3 labels by score: 51 Book / Book - chapter (0.076), 16 Material - Handling of (0.072), 11 Material - Chemistry (0.054)",0.075802281498909,0.07212880253791809,0.0036734789609909058,False
2687,2006,Microwave synthesis of magnetic Fe3O4 nanoparticles used as a precursor of nanocomposites and ferrofluids,28,14,38,0.06580466777086258,0.0651179626584053,0.0006867051124572754,28,Stability and other,14,Evaluation / Characterization,38,Using principles of magnetic induction,"Abstract-only zero-shot classification. Top-3 labels by score: 28 Computation - Stability and other (0.066), 14 Material - Evaluation / Characterization (0.065), 38 Application - Using principles of magnetic induction (0.061)",0.06580466777086258,0.0651179626584053,0.0006867051124572754,True
1742,2013,Ferrofluids,47,24,51,0.04443537816405296,0.04374587535858154,0.0006895028054714203,50,Review - Survey,51,chapter,28,Stability and other,"Abstract-only zero-shot classification. Top-3 labels by score: 50 Review - Survey (0.067), 51 Book / Book - chapter (0.067), 28 Computation - Stability and other (0.058)",0.0674794390797615,0.06708801537752151,0.00039142370223999023,False
123,2024,Magnetic field induced isotropic ferrofluid to ferronematic phase transition in thermotropic liquid crystal,37,51,41,0.03551914542913437,0.034823380410671234,0.0006957650184631348,14,Evaluation / Characterization,16,Handling of,28,Stability and other,"Abstract-only zero-shot classification. Top-3 labels by score: 14 Material - Evaluation / Characterization (0.069), 16 Material - Handling of (0.062), 28 Computation - Stability and other (0.058)",0.06895358115434647,0.06185169145464897,0.0071018896996974945,False
777,2020,A numerical study on heat transfer of a ferrofluid flow in a square cavity under simultaneous gravitational and magnetic convection,12,51,50,0.03911980241537094,0.03842320665717125,0.0006965957581996918,46,Heat transfer,16,Handling of,45,Flow,"Abstract-only zero-shot classification. Top-3 labels by score: 46 Application - Heat transfer (0.090), 16 Material - Handling of (0.076), 45 Application - Flow (0.066)",0.09043490141630173,0.07576950639486313,0.014665395021438599,False
1636,2014,Investigation of Fe3O4 aqueous ferrofluids before and after freezing,24,49,40,0.054979510605335236,0.054281916469335556,0.0006975941359996796,14,Evaluation / Characterization,50,Review - Survey,16,Handling of,"Abstract-only zero-shot classification. Top-3 labels by score: 14 Material - Evaluation / Characterization (0.070), 50 Review - Survey (0.063), 16 Material - Handling of (0.057)",0.06957478821277618,0.06274333596229553,0.006831452250480652,False
1246,2017,Simultaneous Separation and Washing of Nonmagnetic Particles in an Inertial Ferrofluid/Water Coflow,49,24,37,0.0463438518345356,0.045645494014024734,0.0006983578205108643,16,Handling of,51,chapter,50,Review - Survey,"Abstract-only zero-shot classification. Top-3 labels by score: 16 Material - Handling of (0.099), 51 Book / Book - chapter (0.063), 50 Review - Survey (0.060)",0.09918928891420364,0.0627199187874794,0.03646937012672424,False
914,2019,New Platform for Gravitational Microfluidic Using Ferrofluids,42,44,46,0.04859768599271774,0.04789919778704643,0.0006984882056713104,16,Handling of,15,"Manipulation, Droplets, other",48,"Levitation, Spin of droplets","Abstract-only zero-shot classification. Top-3 labels by score: 16 Material - Handling of (0.079), 15 Material - Manipulation, Droplets, other (0.075), 48 Application - Levitation, Spin of droplets (0.062)",0.07896281033754349,0.07498306035995483,0.0039797499775886536,False
2561,2006,Oxide coating of Co-ferrofluids studied by polarised SANS,24,49,40,0.06935649365186691,0.06865774840116501,0.0006987452507019043,14,Evaluation / Characterization,50,Review - Survey,16,Handling of,"Abstract-only zero-shot classification. Top-3 labels by score: 14 Material - Evaluation / Characterization (0.080), 50 Review - Survey (0.066), 16 Material - Handling of (0.058)",0.07987072318792343,0.0659717321395874,0.013898991048336029,False
1282,2017,Numerical Simulation and Experimental Validation of the Critical Pressure Value in Ferromagnetic Fluid Seals,24,15,29,0.03670836240053177,0.03600415214896202,0.0007042102515697479,51,chapter,16,Handling of,50,Review - Survey,"Abstract-only zero-shot classification. Top-3 labels by score: 51 Book / Book - chapter (0.069), 16 Material - Handling of (0.067), 50 Review - Survey (0.063)",0.0693470686674118,0.06739278137683868,0.00195428729057312,False
920,2019,Superparamagnetic iron oxide nanoparticles for cancer theranostic applications,11,42,13,0.0507032610476017,0.049989476799964905,0.000713784247636795,41,Medical (Pharmaceutical),51,chapter,40,"Medical (Hyperthermia, Cancer, Drug Delivery)","Abstract-only zero-shot classification. Top-3 labels by score: 41 Application - Medical (Pharmaceutical) (0.079), 51 Book / Book - chapter (0.079), 40 Application - Medical (Hyperthermia, Cancer, Drug Delivery) (0.074)",0.07913662493228912,0.07858418673276901,0.0005524381995201111,False
155,2024,A facile route to synthesis NixFe1−xFe2O4 ferrofluids with optimal rheological and magneto-optical properties,49,24,15,0.04072944074869156,0.04001455754041672,0.0007148832082748413,16,Handling of,14,Evaluation / Characterization,28,Stability and other,"Abstract-only zero-shot classification. Top-3 labels by score: 16 Material - Handling of (0.107), 14 Material - Evaluation / Characterization (0.067), 28 Computation - Stability and other (0.064)",0.10669044405221939,0.06692492961883545,0.03976551443338394,False
1244,2017,Measurement of cortical elasticity in Drosophila melanogaster embryos using ferrofluids,24,49,15,0.03511009365320206,0.0343945249915123,0.0007155686616897583,16,Handling of,14,Evaluation / Characterization,50,Review - Survey,"Abstract-only zero-shot classification. Top-3 labels by score: 16 Material - Handling of (0.085), 14 Material - Evaluation / Characterization (0.062), 50 Review - Survey (0.060)",0.08477414399385452,0.06232648715376854,0.022447656840085983,False
3072,2003,Ferrofluid containing soluble conductive polyaniline and its freestanding films,24,49,37,0.04938330501317978,0.0486668199300766,0.0007164850831031799,50,Review - Survey,13,Properties,16,Handling of,"Abstract-only zero-shot classification. Top-3 labels by score: 50 Review - Survey (0.067), 13 Material - Properties (0.066), 16 Material - Handling of (0.053)",0.06720592826604843,0.06580425798892975,0.0014016702771186829,False
3055,2002,Frequency dependence of dielectric anisotropy in ferrofluids,24,49,12,0.040692802518606186,0.03997422754764557,0.0007185749709606171,16,Handling of,14,Evaluation / Characterization,50,Review - Survey,"Abstract-only zero-shot classification. Top-3 labels by score: 16 Material - Handling of (0.073), 14 Material - Evaluation / Characterization (0.066), 50 Review - Survey (0.062)",0.07286245375871658,0.0663544088602066,0.006508044898509979,False
1835,2013,"ASME 2013 Conference on Smart Materials, Adaptive Structures and Intelligent Systems, SMASIS 2013",49,24,11,0.07142200320959091,0.07070101052522659,0.0007209926843643188,16,Handling of,14,Evaluation / Characterization,13,Properties,"Abstract-only zero-shot classification. Top-3 labels by score: 16 Material - Handling of (0.085), 14 Material - Evaluation / Characterization (0.076), 13 Material - Properties (0.070)",0.0854957327246666,0.07609783113002777,0.009397901594638824,False
1827,2013,"ASME 2013 Conference on Smart Materials, Adaptive Structures and Intelligent Systems, SMASIS 2013",49,24,11,0.07142200320959091,0.07070101052522659,0.0007209926843643188,16,Handling of,14,Evaluation / Characterization,13,Properties,"Abstract-only zero-shot classification. Top-3 labels by score: 16 Material - Handling of (0.085), 14 Material - Evaluation / Characterization (0.076), 13 Material - Properties (0.070)",0.0854957327246666,0.07609783113002777,0.009397901594638824,False
2706,2005,Anisotropic diffusion in nematic liquid crystals and in ferrofluids,40,49,37,0.03877270966768265,0.03804578259587288,0.0007269270718097687,16,Handling of,14,Evaluation / Characterization,50,Review - Survey,"Abstract-only zero-shot classification. Top-3 labels by score: 16 Material - Handling of (0.080), 14 Material - Evaluation / Characterization (0.065), 50 Review - Survey (0.063)",0.08016569167375565,0.0651244968175888,0.01504119485616684,False
243,2024,In-orbit validation of a ferrofluidic Thermal Switch in ISS microgravity: In-orbit validation of a ferrofluidic..: B. Karahan et al.,40,24,44,0.0382130965590477,0.03748596832156181,0.0007271282374858856,26,Heat,50,Review - Survey,37,Other than evaluation indicated in class 14 above,"Abstract-only zero-shot classification. Top-3 labels by score: 26 Computation - Heat (0.073), 50 Review - Survey (0.067), 37 Experimentation - Other than evaluation indicated in class 14 above (0.064)",0.07268897444009781,0.0674033910036087,0.005285583436489105,False
1057,2018,Magnetohydrodynamic radiative liquid thin film flow of kerosene based nanofluid with the aligned magnetic field,16,45,46,0.06600362807512283,0.06527643650770187,0.0007271915674209595,16,Handling of,45,Flow,46,Heat transfer,"Abstract-only zero-shot classification. Top-3 labels by score: 16 Material - Handling of (0.066), 45 Application - Flow (0.065), 46 Application - Heat transfer (0.056)",0.06600362807512283,0.06527643650770187,0.0007271915674209595,True
1113,2018,Thermal-flow characteristics of ferrofluid in the microchannel under external magnetic force,40,24,49,0.04109165072441101,0.04036122187972069,0.0007304288446903229,46,Heat transfer,14,Evaluation / Characterization,16,Handling of,"Abstract-only zero-shot classification. Top-3 labels by score: 46 Application - Heat transfer (0.069), 14 Material - Evaluation / Characterization (0.058), 16 Material - Handling of (0.055)",0.06917589157819748,0.057932060211896896,0.011243831366300583,False
3734,1987,MAGNETIC FLUIDS.,49,24,37,0.052162669599056244,0.05142970010638237,0.0007329694926738739,50,Review - Survey,45,Flow,28,Stability and other,"Abstract-only zero-shot classification. Top-3 labels by score: 50 Review - Survey (0.068), 45 Application - Flow (0.066), 28 Computation - Stability and other (0.064)",0.06813623756170273,0.06636392325162888,0.0017723143100738525,False
2809,2004,New dynamic method to study longitudinal magneto-optical effects in ferrofluids,24,37,49,0.05257733538746834,0.051842208951711655,0.0007351264357566833,50,Review - Survey,14,Evaluation / Characterization,16,Handling of,"Abstract-only zero-shot classification. Top-3 labels by score: 50 Review - Survey (0.067), 14 Material - Evaluation / Characterization (0.066), 16 Material - Handling of (0.060)",0.0665821060538292,0.06565901637077332,0.0009230896830558777,False
2557,2006,Modeling and design of ferrofluidic sensors,24,49,38,0.035731345415115356,0.034995950758457184,0.0007353946566581726,14,Evaluation / Characterization,13,Properties,50,Review - Survey,"Abstract-only zero-shot classification. Top-3 labels by score: 14 Material - Evaluation / Characterization (0.070), 13 Material - Properties (0.060), 50 Review - Survey (0.058)",0.06995610892772675,0.05979424715042114,0.010161861777305603,False
128,2024,Hydrothermal characteristics of ferrofluid in a wavy chamber with magnetic field-dependent viscosity: Effects of moving walls,46,11,28,0.059604499489068985,0.05886843055486679,0.0007360689342021942,46,Heat transfer,22,CFD,14,Evaluation / Characterization,"Abstract-only zero-shot classification. Top-3 labels by score: 46 Application - Heat transfer (0.072), 22 Computation - CFD (0.069), 14 Material - Evaluation / Characterization (0.064)",0.07219630479812622,0.06873220205307007,0.0034641027450561523,True
616,2021,Tunable magnetothermal properties of cobalt-doped magnetite-carboxymethylcellulose ferrofluids: smart nanoplatforms for potential magnetic hyperthermia applications in cancer therapy,13,12,11,0.04217521473765373,0.04143700376152992,0.0007382109761238098,46,Heat transfer,38,Using principles of magnetic induction,42,Biomedical,"Abstract-only zero-shot classification. Top-3 labels by score: 46 Application - Heat transfer (0.093), 38 Application - Using principles of magnetic induction (0.076), 42 Application - Biomedical (0.055)",0.0934051051735878,0.07556565850973129,0.017839446663856506,False
1856,2013,Chain formation and aging process in biocompatible polydisperse ferrofluids: Experimental investigation and Monte Carlo simulations,40,49,24,0.07460728287696838,0.07386524975299835,0.0007420331239700317,51,chapter,16,Handling of,14,Evaluation / Characterization,"Abstract-only zero-shot classification. Top-3 labels by score: 51 Book / Book - chapter (0.068), 16 Material - Handling of (0.063), 14 Material - Evaluation / Characterization (0.056)",0.06783498078584671,0.06300937384366989,0.004825606942176819,False
493,2022,Approaches on Ferrofluid Synthesis and Applications: Current Status and Future Perspectives,49,40,50,0.03658856078982353,0.03584590554237366,0.0007426552474498749,50,Review - Survey,15,"Manipulation, Droplets, other",28,Stability and other,"Abstract-only zero-shot classification. Top-3 labels by score: 50 Review - Survey (0.074), 15 Material - Manipulation, Droplets, other (0.070), 28 Computation - Stability and other (0.070)",0.07376507669687271,0.0701664611697197,0.003598615527153015,False
1072,2018,A hybrid method for the prediction of retardance in citrate coated ferrofluids,37,47,15,0.0366629995405674,0.03592029958963394,0.0007426999509334564,27,Modelling,16,Handling of,14,Evaluation / Characterization,"Abstract-only zero-shot classification. Top-3 labels by score: 27 Computation - Modelling (0.072), 16 Material - Handling of (0.065), 14 Material - Evaluation / Characterization (0.064)",0.07225067168474197,0.0648782029747963,0.007372468709945679,False
192,2024,Fabrication of Mn0.25Fe2.75O4/Ag/OA/DMSO ferrofluids with sunflower oil dispersion as antibacterial agent,16,47,24,0.03789062052965164,0.03714717924594879,0.0007434412837028503,14,Evaluation / Characterization,37,Other than evaluation indicated in class 14 above,28,Stability and other,"Abstract-only zero-shot classification. Top-3 labels by score: 14 Material - Evaluation / Characterization (0.069), 37 Experimentation - Other than evaluation indicated in class 14 above (0.066), 28 Computation - Stability and other (0.059)",0.06875602155923843,0.06574468314647675,0.0030113384127616882,False
2994,2004,A flow transducer for cold water using ferrofluids,15,28,46,0.03822991997003555,0.037482716143131256,0.0007472038269042969,38,Using principles of magnetic induction,51,chapter,50,Review - Survey,"Abstract-only zero-shot classification. Top-3 labels by score: 38 Application - Using principles of magnetic induction (0.119), 51 Book / Book - chapter (0.060), 50 Review - Survey (0.057)",0.11873911321163177,0.0597568154335022,0.05898229777812958,False
657,2020,Magnetic particles for ctc enrichment,13,49,51,0.041267938911914825,0.04052029922604561,0.0007476396858692169,14,Evaluation / Characterization,13,Properties,12,Formulation,"Abstract-only zero-shot classification. Top-3 labels by score: 14 Material - Evaluation / Characterization (0.100), 13 Material - Properties (0.071), 12 Material - Formulation (0.065)",0.09973081946372986,0.07058068364858627,0.029150135815143585,False
2571,2007,Synthesis of iron oxide nanoparticles under oxidizing environment and their stabilization in aqueous and non-aqueous media,49,21,29,0.04086514934897423,0.040108248591423035,0.0007569007575511932,14,Evaluation / Characterization,50,Review - Survey,13,Properties,"Abstract-only zero-shot classification. Top-3 labels by score: 14 Material - Evaluation / Characterization (0.081), 50 Review - Survey (0.065), 13 Material - Properties (0.057)",0.08071565628051758,0.06501835584640503,0.01569730043411255,False
2422,2008,Spectroscopic and photoluminescence studies on optically transparent magnetic nanocomposites based on sol-gel glass: Fe3O4,49,37,15,0.036761701107025146,0.03600365296006203,0.0007580481469631195,51,chapter,13,Properties,50,Review - Survey,"Abstract-only zero-shot classification. Top-3 labels by score: 51 Book / Book - chapter (0.073), 13 Material - Properties (0.072), 50 Review - Survey (0.071)",0.07287430763244629,0.071647509932518,0.0012267976999282837,False
2720,2005,"Self-forming, quasi-two-dimensional, magnetic-fluid patterns with applied in-plane-rotating and dc-axial magnetic fields",37,47,43,0.035360075533390045,0.03459982946515083,0.000760246068239212,45,Flow,15,"Manipulation, Droplets, other",16,Handling of,"Abstract-only zero-shot classification. Top-3 labels by score: 45 Application - Flow (0.087), 15 Material - Manipulation, Droplets, other (0.076), 16 Material - Handling of (0.074)",0.08682988584041595,0.0761767253279686,0.010653160512447357,False
713,2020,"Relating magnetization, structure and rheology in ferrofluids with multi-core magnetic nanoparticles",49,40,39,0.035371556878089905,0.03460850566625595,0.0007630512118339539,14,Evaluation / Characterization,45,Flow,42,Biomedical,"Abstract-only zero-shot classification. Top-3 labels by score: 14 Material - Evaluation / Characterization (0.065), 45 Application - Flow (0.058), 42 Application - Biomedical (0.056)",0.06481515616178513,0.05816943943500519,0.006645716726779938,False
242,2023,Microscopic understanding of particle-matrix interaction in magnetic hybrid materials by element-specific spectroscopy,42,23,50,0.04960797727108002,0.04884137213230133,0.0007666051387786865,37,Other than evaluation indicated in class 14 above,14,Evaluation / Characterization,45,Flow,"Abstract-only zero-shot classification. Top-3 labels by score: 37 Experimentation - Other than evaluation indicated in class 14 above (0.054), 14 Material - Evaluation / Characterization (0.054), 45 Application - Flow (0.051)",0.054355867207050323,0.053600575774908066,0.0007552914321422577,False
536,2021,Microscopic understanding of particle-matrix interaction in magnetic hybrid materials by element-specific spectroscopy,42,23,50,0.04960797727108002,0.04884137213230133,0.0007666051387786865,14,Evaluation / Characterization,37,Other than evaluation indicated in class 14 above,16,Handling of,"Abstract-only zero-shot classification. Top-3 labels by score: 14 Material - Evaluation / Characterization (0.069), 37 Experimentation - Other than evaluation indicated in class 14 above (0.055), 16 Material - Handling of (0.055)",0.06902781873941422,0.05537046119570732,0.013657357543706894,False
477,2022,Effect of ferrofluid magnetization on transformer temperature rise,11,51,38,0.045946575701236725,0.04517940431833267,0.0007671713829040527,46,Heat transfer,51,chapter,14,Evaluation / Characterization,"Abstract-only zero-shot classification. Top-3 labels by score: 46 Application - Heat transfer (0.086), 51 Book / Book - chapter (0.064), 14 Material - Evaluation / Characterization (0.061)",0.086087167263031,0.06428810954093933,0.021799057722091675,False
3772,1986,1986 INTERNATIONAL MAGNETICS CONFERENCE (INTERMAG).,40,49,22,0.04328365623950958,0.04251546412706375,0.0007681921124458313,16,Handling of,50,Review - Survey,51,chapter,"Abstract-only zero-shot classification. Top-3 labels by score: 16 Material - Handling of (0.095), 50 Review - Survey (0.084), 51 Book / Book - chapter (0.068)",0.09548263251781464,0.08440258353948593,0.011080048978328705,False
1384,2016,Research experiments on pressure-difference sensors with ferrofluid,49,24,14,0.04682696983218193,0.046058617532253265,0.0007683522999286652,51,chapter,16,Handling of,50,Review - Survey,"Abstract-only zero-shot classification. Top-3 labels by score: 51 Book / Book - chapter (0.082), 16 Material - Handling of (0.074), 50 Review - Survey (0.062)",0.08171699196100235,0.07368776202201843,0.008029229938983917,False
1068,2019,Synthesis and structural characterization of CoxFe3−xC (0 ≤ x ≤ 0.3) magnetic nanoparticles for biomedical applications,24,21,22,0.03876688703894615,0.03799702599644661,0.0007698610424995422,16,Handling of,50,Review - Survey,14,Evaluation / Characterization,"Abstract-only zero-shot classification. Top-3 labels by score: 16 Material - Handling of (0.147), 50 Review - Survey (0.057), 14 Material - Evaluation / Characterization (0.057)",0.14685794711112976,0.05717216432094574,0.08968578279018402,False
1717,2013,Synthesis and characterization of Mn0.5Zn0.5Fe 2O4 and Fe3O4 nanoparticle ferrofluids for thermo-electric conversion,49,24,40,0.03782178834080696,0.03704801946878433,0.0007737688720226288,14,Evaluation / Characterization,46,Heat transfer,16,Handling of,"Abstract-only zero-shot classification. Top-3 labels by score: 14 Material - Evaluation / Characterization (0.094), 46 Application - Heat transfer (0.082), 16 Material - Handling of (0.055)",0.09352456778287888,0.08154942840337753,0.011975139379501343,False
